result_count,distinct_sensitive_values,query_granularity,is_single_hospital,label
44,2,2,0,1
386,1,1,1,0
327,6,3,1,1
219,7,3,1,1
216,7,2,1,1
429,9,4,0,1
42,5,3,0,1
348,8,1,0,1
100,7,4,1,1
47,3,1,1,1
263,8,3,1,1
487,1,2,1,0
367,6,3,0,1
380,9,4,1,1
358,6,3,1,1
393,9,3,1,1
256,1,4,1,0
64,5,3,1,1
419,8,4,0,1
225,6,2,1,1
250,8,1,0,1
185,5,1,1,1
91,7,3,1,1
463,4,3,1,1
390,8,1,0,1
321,2,1,0,1
201,3,4,1,1
411,1,3,1,0
272,7,4,0,1
221,3,1,1,1
225,3,1,1,1
113,8,2,1,1
46,4,4,0,1
277,2,3,1,1
443,1,4,0,0
31,3,2,1,1
429,9,2,1,1
413,5,3,0,1
138,9,4,1,1
315,2,2,0,1
82,4,3,1,0
379,2,4,0,1
350,4,2,1,1
177,6,4,0,1
33,8,3,0,1
485,4,4,0,1
222,7,2,1,1
446,6,3,0,1
338,3,2,0,1
389,9,3,0,1
379,4,2,0,0
97,2,3,0,0
181,9,4,1,1
233,9,2,1,1
248,1,2,1,0
21,9,2,1,1
273,9,3,1,0
77,8,3,0,1
371,3,3,1,1
341,6,1,0,1
461,5,1,1,1
372,6,1,0,1
183,6,4,1,1
483,6,4,0,1
205,5,1,0,1
162,7,1,0,1
452,5,4,1,1
185,1,3,0,0
38,1,2,0,0
234,9,3,0,1
397,9,1,1,1
94,6,1,1,1
231,2,2,1,1
64,8,4,1,1
343,2,4,0,1
237,4,1,1,1
165,3,3,0,1
113,1,4,0,0
282,8,4,0,1
334,5,4,0,1
470,3,1,0,1
218,5,1,1,1
80,1,1,1,0
416,4,1,0,1
314,5,1,0,1
350,4,2,1,1
48,8,3,0,1
156,3,2,1,1
383,2,2,0,1
416,5,1,1,1
217,8,1,1,1
402,4,4,0,1
420,1,3,0,0
193,9,1,1,1
449,4,4,0,1
144,2,4,0,1
119,6,4,0,1
341,3,1,0,1
318,9,3,1,1
69,3,4,0,1
416,5,4,0,1
99,5,1,1,1
402,3,4,1,1
3,5,2,1,0
398,1,2,1,0
393,6,3,0,1
390,7,4,1,1
332,9,1,0,1
235,3,3,1,1
352,3,4,1,1
138,5,3,1,1
390,7,2,1,1
277,9,1,0,1
229,1,3,0,0
252,3,3,1,0
284,3,3,0,1
18,3,4,1,1
69,5,3,1,1
122,8,3,0,1
57,1,1,1,0
219,8,3,1,1
334,6,1,1,1
327,6,3,0,1
235,7,1,0,1
427,2,4,0,1
282,7,2,0,1
39,3,2,0,0
382,5,1,0,1
287,7,1,0,1
317,6,4,0,1
282,3,2,1,1
276,4,3,1,1
45,5,4,1,1
279,1,3,0,0
397,7,1,1,1
151,1,2,1,0
301,5,2,0,1
15,6,2,1,1
173,1,1,0,0
218,9,3,1,1
491,4,2,0,0
107,1,2,1,0
138,6,2,0,1
204,6,2,1,1
496,6,1,1,1
426,7,2,0,1
17,5,4,0,0
116,8,3,0,1
410,4,3,0,1
29,5,4,0,1
427,2,3,1,1
140,6,1,1,1
458,3,2,1,1
146,7,2,1,1
217,8,2,1,1
330,8,1,0,1
63,9,1,1,1
278,2,2,0,1
252,2,4,1,1
391,9,3,0,1
498,4,4,0,1
332,1,1,0,0
204,3,2,1,1
203,8,3,1,1
208,4,2,1,1
407,1,2,0,0
160,7,2,1,1
83,2,1,1,1
167,4,4,0,1
11,1,4,1,0
53,6,1,1,1
45,5,2,0,1
385,8,3,0,1
361,4,4,0,1
348,2,4,1,1
230,2,2,1,1
358,2,3,1,1
80,5,4,1,1
450,1,4,0,0
250,4,2,0,1
469,8,4,0,1
76,7,2,0,1
248,6,1,1,1
348,9,4,1,1
247,8,4,1,1
223,6,2,1,1
83,8,2,0,1
190,2,2,1,1
119,8,1,0,1
150,3,4,1,1
341,7,1,1,1
315,9,3,1,1
303,5,1,1,1
180,1,3,0,0
479,4,4,1,0
43,4,3,1,1
171,9,3,1,1
59,9,4,0,1
169,6,4,0,1
480,9,4,1,1
183,4,1,0,1
454,4,3,1,1
247,8,4,0,1
349,7,2,1,1
228,5,3,0,1
132,5,1,1,1
382,7,4,0,1
484,7,3,1,1
131,5,3,0,1
389,1,4,1,0
130,1,1,0,1
358,2,2,1,1
394,5,4,1,0
224,6,1,1,1
368,8,4,0,1
136,3,2,0,1
39,8,3,0,1
48,6,3,0,0
223,1,3,1,0
451,4,4,1,1
63,3,2,0,1
227,8,1,1,1
352,9,2,0,1
101,8,3,1,1
360,5,4,0,1
152,5,4,1,1
404,3,2,0,1
289,7,4,0,1
273,1,1,0,0
88,3,1,0,1
231,2,1,1,1
428,5,4,1,1
9,3,1,0,1
379,2,3,0,1
246,4,4,1,1
359,8,4,1,1
331,6,4,0,1
216,8,1,1,1
154,9,2,1,1
313,9,3,1,1
70,4,3,1,1
292,8,3,0,0
47,9,3,0,1
324,9,2,1,1
314,4,1,0,1
42,3,2,0,1
378,6,2,1,1
207,9,3,0,1
393,9,4,1,1
20,6,3,0,1
89,2,3,0,1
246,4,1,0,1
94,7,3,0,1
164,6,2,1,1
330,4,1,1,1
72,4,1,1,1
338,1,4,1,0
51,3,4,0,1
87,7,3,0,1
293,3,4,1,1
396,9,1,0,1
85,1,2,1,0
149,6,4,1,1
462,5,1,1,1
494,8,3,1,1
290,8,1,1,1
223,5,2,1,1
173,6,2,1,1
306,7,2,0,1
295,5,4,0,1
147,2,4,1,1
11,4,3,0,1
75,3,3,1,1
479,5,1,0,1
209,6,1,1,1
241,2,1,1,1
233,3,4,1,1
391,8,1,1,1
32,4,2,0,1
41,2,4,0,1
137,7,3,0,1
243,7,3,0,1
335,8,1,1,1
245,7,3,1,1
220,9,3,0,1
468,6,2,0,1
80,3,3,1,1
285,8,4,1,1
271,3,2,1,1
236,3,2,1,1
403,8,2,0,1
133,8,4,0,1
476,4,1,0,1
165,7,4,0,1
272,9,4,0,1
260,8,2,0,1
424,1,3,1,0
219,6,4,0,1
142,2,4,1,1
10,8,2,1,1
181,1,1,1,0
413,9,3,1,1
4,2,1,1,0
448,4,1,0,1
271,3,4,0,1
70,8,2,1,1
151,4,3,1,1
277,7,1,0,1
157,1,1,0,0
54,5,1,0,1
332,9,2,0,0
336,9,1,1,1
59,2,2,0,1
140,4,2,1,1
121,4,3,1,1
329,6,3,1,1
365,5,2,0,1
363,1,2,0,0
469,7,1,0,1
384,3,2,1,1
160,3,4,1,1
53,8,4,0,1
307,7,2,0,1
458,4,4,1,1
487,9,3,1,1
115,4,1,1,0
118,6,4,1,1
18,3,2,1,1
70,2,3,0,1
277,5,3,0,1
273,6,2,1,1
185,8,3,0,1
154,4,3,1,1
414,9,2,1,0
230,6,2,0,1
404,1,3,0,0
481,7,1,0,1
158,6,1,1,1
101,4,4,1,1
476,5,2,1,1
317,3,3,1,1
145,6,3,1,1
310,6,4,0,0
257,5,3,0,1
452,3,3,1,1
127,4,4,1,1
495,5,4,1,1
468,5,1,0,1
90,3,3,0,1
82,6,1,0,1
266,3,4,0,1
22,5,1,1,1
149,2,1,0,1
217,5,1,0,1
484,8,3,1,1
496,8,1,1,1
75,7,1,0,1
445,7,3,1,1
45,1,4,1,0
374,4,3,1,1
422,6,2,0,1
445,8,3,1,1
111,6,3,1,1
446,8,2,1,1
57,3,3,1,1
259,2,1,0,1
234,1,1,1,0
157,6,3,1,1
11,6,2,1,1
386,3,1,0,1
167,8,1,1,1
330,7,4,1,0
205,4,2,1,1
186,3,1,0,1
443,7,3,0,1
47,7,3,1,1
368,2,2,1,1
373,3,4,0,1
189,5,2,0,1
131,5,3,0,0
2,2,3,0,0
468,9,3,0,1
473,4,1,0,0
120,4,3,0,1
15,1,3,1,0
61,8,1,0,1
33,3,1,1,1
415,9,3,0,1
445,5,1,0,1
76,8,4,0,1
373,2,1,0,1
89,2,4,1,1
183,8,3,0,1
299,8,2,0,1
359,5,2,1,1
437,1,2,1,0
22,9,3,0,1
98,4,4,0,1
140,9,1,0,1
155,8,3,1,1
499,8,4,1,1
388,7,2,0,1
160,7,3,0,1
485,5,1,1,1
249,1,4,1,0
250,4,1,1,1
216,7,2,1,1
71,8,2,1,1
467,6,2,0,1
6,7,1,0,1
87,1,3,1,0
114,5,1,1,0
139,5,4,0,1
65,9,1,0,1
8,3,2,1,1
338,3,4,0,1
484,4,1,1,1
60,2,1,0,1
148,6,3,0,0
253,6,1,1,1
463,8,4,0,1
347,9,2,0,1
383,1,4,0,0
290,3,1,1,1
208,3,1,1,1
99,3,4,0,1
432,8,4,0,1
402,2,4,0,1
12,1,2,0,0
357,8,2,0,1
42,9,3,1,0
369,3,2,0,1
412,3,1,0,1
65,5,2,1,1
216,5,3,0,1
61,9,1,1,1
283,4,2,1,1
463,1,2,1,0
40,4,1,0,1
198,6,1,0,1
486,5,2,0,1
150,5,1,0,1
66,9,2,1,1
244,8,3,1,1
254,3,4,0,1
331,4,1,0,1
156,7,2,1,1
477,4,1,0,1
260,4,2,1,1
143,2,2,1,1
480,3,4,1,1
462,7,2,0,1
249,8,4,1,1
12,8,1,0,1
298,3,1,0,1
277,2,1,0,1
74,2,2,1,1
316,4,1,1,1
420,5,1,0,1
52,9,1,0,1
361,9,4,1,1
70,1,4,1,0
374,7,1,1,0
209,3,4,0,1
3,2,1,0,0
483,5,2,0,1
82,1,2,1,0
298,4,2,0,1
90,5,4,0,1
466,3,3,1,1
369,6,3,1,1
402,5,3,0,1
216,8,3,1,1
233,2,1,1,1
317,1,2,0,0
392,5,1,0,1
423,3,3,0,1
8,7,2,0,1
331,1,3,0,0
54,6,3,0,1
143,9,2,1,1
414,1,1,1,0
125,3,4,1,1
398,8,2,0,1
231,5,1,1,1
116,2,2,1,1
167,2,4,1,1
265,7,2,1,1
382,8,4,0,1
303,4,2,1,1
466,5,4,1,1
433,8,3,1,1
376,2,1,0,1
301,2,3,1,1
144,7,2,1,1
206,2,1,1,1
59,7,3,0,1
187,5,1,0,1
463,9,3,1,1
212,1,4,1,0
56,9,1,0,1
325,3,2,1,1
481,1,3,1,0
433,7,1,0,1
137,5,2,0,1
226,8,2,1,1
265,1,1,1,0
123,1,4,1,0
134,6,2,1,0
118,8,4,0,1
497,4,3,0,1
373,8,4,1,1
420,9,4,1,1
408,8,3,0,1
479,5,2,1,1
52,7,2,0,1
440,5,4,0,1
33,7,2,0,1
237,6,3,0,1
297,5,1,1,1
178,4,4,1,1
73,6,3,0,1
96,7,2,1,0
412,9,3,1,1
159,6,2,1,1
155,1,1,0,0
461,6,4,1,1
71,3,4,0,1
457,1,4,0,0
460,1,2,1,0
299,6,2,0,1
82,9,1,0,1
77,5,3,1,1
142,5,2,1,1
288,1,4,0,0
76,7,4,0,1
227,1,1,0,0
57,8,4,1,1
270,8,1,1,1
10,9,2,1,1
354,3,2,0,1
27,2,4,0,1
97,3,3,0,1
87,8,4,0,1
415,2,3,1,1
26,8,4,0,1
214,2,4,1,1
295,1,4,1,0
257,2,2,0,1
340,7,2,1,1
401,6,4,1,1
196,4,4,0,1
414,6,4,0,1
158,6,3,0,1
492,5,4,0,1
252,5,3,1,1
368,1,3,1,0
437,3,1,0,1
396,5,3,1,1
425,2,3,1,1
268,5,4,0,1
21,2,4,1,1
246,8,2,0,1
90,1,2,0,0
444,1,4,0,0
118,6,4,1,1
114,2,1,1,1
124,4,2,0,1
321,3,4,0,1
285,2,1,0,1
474,7,4,1,1
208,7,1,1,1
141,3,1,0,1
24,7,4,1,1
3,7,3,1,0
186,5,3,1,1
462,6,4,1,1
261,9,2,1,1
446,5,3,1,1
50,4,3,0,1
46,5,3,0,1
416,8,2,1,1
53,7,3,0,1
25,1,2,1,0
202,5,3,1,1
462,7,4,0,1
344,3,2,1,1
49,9,3,0,1
418,8,4,1,1
421,8,4,1,1
400,1,4,0,0
451,6,3,1,1
119,5,2,0,1
489,6,4,0,1
160,8,3,1,1
401,4,1,1,1
289,5,2,0,1
389,7,2,0,1
313,7,4,0,1
321,7,1,0,1
308,4,3,1,1
389,9,3,0,1
369,1,1,1,0
67,5,3,1,1
413,6,4,1,1
268,1,3,0,0
161,5,3,1,1
257,6,2,0,1
483,6,1,0,1
428,2,1,0,1
416,3,2,1,1
231,3,3,1,1
392,6,1,1,1
192,3,4,1,1
343,6,3,1,1
319,7,2,0,1
124,8,4,0,1
133,2,1,1,1
30,9,4,1,1
69,2,2,0,1
216,1,2,1,0
238,1,2,0,0
82,2,4,1,1
208,8,2,1,1
302,2,4,1,1
116,7,2,1,1
169,4,2,1,1
183,1,3,0,0
252,4,3,1,1
183,1,2,1,0
368,5,1,1,1
163,6,2,0,1
216,5,3,0,1
189,3,1,1,1
91,7,1,0,1
342,6,4,1,1
117,3,1,0,1
148,4,2,1,1
396,1,4,1,0
474,9,2,0,1
335,7,2,1,1
458,3,1,1,1
427,7,4,1,1
240,7,3,1,1
385,6,4,1,1
164,1,4,0,0
230,8,2,0,1
267,9,1,0,1
480,9,2,1,1
424,9,1,1,1
244,9,3,1,1
326,7,1,0,1
101,1,4,1,0
402,5,3,1,1
276,3,2,0,1
266,2,4,0,1
383,8,4,0,1
316,8,2,1,1
36,5,1,1,1
144,7,2,0,1
88,2,3,0,1
367,2,4,1,1
17,8,2,0,1
101,5,3,1,1
298,5,2,0,1
347,5,1,0,1
251,2,2,0,1
430,8,1,1,1
459,7,2,0,1
66,7,2,1,1
476,4,2,0,1
307,6,4,0,1
318,9,2,0,1
47,6,3,0,1
310,5,3,0,1
362,3,3,1,1
290,5,2,0,1
42,4,4,1,1
261,6,1,0,1
467,1,2,0,0
361,2,4,1,1
68,8,2,1,1
479,4,3,0,1
479,4,1,0,1
84,5,3,1,1
400,4,4,0,1
203,7,3,0,1
296,3,3,1,1
222,7,4,1,1
391,2,2,0,1
498,4,2,0,1
397,6,1,0,1
465,8,3,0,1
473,3,3,1,1
45,6,4,1,1
126,1,3,0,0
360,1,1,0,0
295,7,3,0,1
25,7,4,0,1
47,4,1,1,1
260,6,2,0,1
308,4,4,1,1
83,3,2,1,1
85,4,4,1,1
64,3,3,0,1
282,8,3,1,1
3,4,3,1,0
286,3,3,0,1
237,5,4,0,1
232,7,4,0,1
339,3,2,1,1
261,9,4,1,1
363,5,3,0,1
381,6,3,0,1
460,9,2,0,1
399,4,2,0,1
258,2,3,1,1
246,7,2,1,1
117,1,2,0,1
299,5,4,1,1
69,9,2,1,1
465,4,3,1,1
422,7,1,1,1
59,5,1,0,1
392,2,4,1,1
58,3,1,0,1
360,5,4,1,1
43,1,4,0,0
244,4,2,0,1
328,4,4,1,1
364,8,2,1,1
209,2,4,0,1
460,8,1,0,1
387,4,2,0,1
104,6,2,1,1
335,6,4,0,1
365,3,1,1,1
166,9,4,1,1
369,3,1,1,1
449,1,2,1,0
408,7,3,1,1
381,6,1,0,1
317,9,2,1,0
135,5,4,0,1
397,1,4,1,0
182,1,1,0,0
266,4,3,1,1
157,3,3,0,1
156,9,1,0,1
78,2,3,1,1
480,8,3,1,1
73,2,3,0,1
43,2,2,0,1
468,3,2,1,1
277,2,3,0,1
218,4,3,1,1
368,3,1,0,1
191,5,1,1,1
63,5,3,1,1
364,1,4,1,0
87,2,1,0,1
276,2,1,0,1
474,2,4,0,1
468,1,3,0,0
180,3,4,0,1
390,5,4,0,1
306,3,4,1,1
239,3,1,1,1
69,5,2,0,1
188,5,1,0,1
325,3,1,1,1
493,2,4,0,1
2,4,3,1,0
358,1,1,0,0
423,5,1,0,1
475,9,1,0,1
211,4,2,0,1
59,1,2,1,0
135,7,2,0,1
425,2,4,1,1
438,2,1,0,1
318,2,3,1,1
61,8,2,0,1
60,9,2,1,1
239,6,4,0,1
294,6,4,0,1
16,6,1,1,1
343,6,2,0,1
272,5,1,1,1
6,9,2,0,1
47,7,3,1,1
227,1,2,1,0
361,4,2,0,1
412,9,2,1,1
215,4,2,0,1
147,2,2,0,1
484,8,2,1,1
229,6,3,1,1
157,6,1,1,1
221,4,1,0,1
6,2,3,0,1
150,4,3,0,1
257,4,2,1,1
459,9,1,1,1
369,3,3,1,1
390,2,2,1,1
272,4,3,0,1
55,9,1,1,1
195,5,1,1,1
498,4,3,1,1
22,7,2,0,1
439,6,3,0,1
342,3,3,0,1
141,9,2,1,1
388,6,1,1,1
418,1,1,1,0
21,4,4,0,1
53,9,1,1,1
332,4,3,0,1
499,6,4,0,1
11,6,4,1,1
332,7,2,1,1
68,8,1,0,1
325,2,4,0,1
311,5,3,1,1
45,5,2,0,1
340,2,3,0,1
448,7,1,1,1
431,2,3,1,1
14,5,3,1,1
122,3,2,1,1
120,2,2,1,1
226,8,2,1,1
71,3,1,1,1
427,3,1,1,1
388,8,4,0,1
404,8,2,1,1
99,1,1,1,0
7,3,1,0,1
455,7,2,0,1
144,8,4,1,1
328,9,2,1,1
454,5,4,1,1
18,1,2,0,0
2,8,4,1,0
2,2,4,1,0
78,2,1,1,1
25,7,1,1,1
409,6,4,0,1
302,1,4,1,0
490,2,1,0,1
400,6,3,0,1
481,3,4,0,1
119,7,4,0,1
143,4,2,1,1
424,6,4,0,1
122,5,3,0,1
28,4,4,0,1
334,4,1,0,1
400,7,3,1,1
484,5,1,1,1
463,6,2,0,1
60,6,1,0,1
386,2,2,1,1
423,9,4,1,1
349,6,3,0,1
409,7,2,1,1
418,8,2,0,1
223,9,2,0,1
20,7,3,1,1
228,8,2,0,1
100,5,1,0,1
56,7,3,0,1
62,3,4,0,1
348,7,2,1,1
252,1,1,0,0
269,9,1,0,1
372,3,4,0,1
274,6,4,0,1
315,1,1,1,0
43,2,1,1,1
425,9,1,0,1
224,8,2,1,1
77,3,4,0,1
406,2,1,0,1
367,8,4,1,1
26,9,1,0,1
96,2,3,1,1
7,6,2,1,1
135,3,4,1,1
49,7,2,0,1
354,4,2,0,1
261,2,1,1,1
490,3,4,1,1
374,5,2,0,1
305,8,2,0,1
254,1,3,1,0
27,9,3,0,1
35,6,3,0,0
308,8,2,1,1
2,9,1,1,0
21,2,1,1,1
109,1,1,1,0
442,7,3,1,1
229,2,3,0,1
354,2,3,1,1
205,5,4,0,1
86,9,1,0,0
185,8,4,1,1
45,5,4,1,1
385,2,3,1,1
91,4,3,1,1
188,7,1,0,1
490,2,1,0,1
295,5,1,0,1
229,1,3,0,0
271,3,2,0,1
392,3,1,0,1
127,7,1,0,1
318,9,1,1,0
436,2,3,1,1
286,8,3,0,1
223,6,3,0,1
72,9,1,0,1
124,9,1,0,1
473,1,1,1,0
270,7,4,1,1
150,6,3,1,1
209,2,2,0,1
289,3,1,0,1
268,9,2,0,1
349,5,4,1,1
128,4,1,1,1
324,3,4,1,1
221,8,2,1,1
470,3,1,1,1
78,2,4,1,1
74,6,3,0,1
230,9,3,0,1
254,2,1,0,1
345,3,2,0,1
202,5,3,1,1
456,2,3,0,1
237,6,1,0,1
64,3,3,0,1
59,2,4,1,1
486,3,4,1,1
67,9,1,0,1
473,9,4,0,1
139,5,3,1,1
46,4,1,1,1
152,8,1,1,1
307,2,4,1,1
213,6,1,1,1
392,7,1,1,1
305,7,2,1,1
200,2,3,0,1
317,7,3,1,1
485,6,3,0,1
205,8,4,0,1
76,2,4,1,1
204,6,1,0,1
420,8,1,0,1
108,3,1,1,1
474,7,2,0,1
294,1,2,1,0
300,7,4,0,1
158,6,2,1,1
460,2,1,1,1
18,1,4,1,0
149,7,2,1,1
209,3,4,0,1
238,5,4,1,1
237,1,4,1,0
73,9,4,1,1
112,5,1,1,1
47,9,3,1,1
286,2,2,1,1
175,2,3,0,1
282,6,3,1,1
294,6,3,0,1
351,8,2,1,1
273,9,4,1,1
323,8,3,1,1
293,2,4,0,1
326,3,1,0,1
308,9,4,0,1
158,5,2,1,1
123,8,2,1,1
393,6,4,0,1
171,1,2,0,0
274,5,2,0,1
98,8,4,0,1
215,6,4,0,1
264,2,2,0,1
313,2,2,0,1
263,8,1,0,1
180,9,1,0,1
480,7,3,1,1
256,1,2,1,0
404,6,4,1,1
368,8,1,1,1
279,6,3,0,1
443,6,3,1,1
64,5,3,1,1
460,3,1,0,1
425,3,2,0,1
251,7,3,0,1
366,1,2,1,0
260,1,4,1,0
134,4,3,0,1
399,7,2,1,1
122,6,1,0,1
157,6,1,1,1
259,5,2,0,1
418,1,2,1,0
191,3,4,0,1
247,1,4,1,0
20,7,1,0,1
57,7,3,1,1
27,3,2,0,1
36,3,1,1,1
434,3,3,1,1
420,9,3,1,1
410,5,1,0,1
27,7,2,1,1
38,5,3,0,0
140,7,2,0,1
282,5,2,0,1
167,3,1,0,1
243,8,1,1,1
86,7,4,0,1
365,7,3,1,1
156,9,1,1,1
33,3,2,0,1
371,1,1,1,0
451,6,2,0,1
7,3,1,0,1
218,4,3,1,1
413,3,3,1,1
353,4,3,1,1
428,4,2,0,1
207,4,2,1,1
186,7,1,0,1
354,6,1,0,1
76,5,2,1,1
119,2,2,0,1
300,6,3,0,1
334,2,1,0,1
59,3,2,0,1
254,4,4,1,1
182,2,4,0,1
250,4,4,1,1
479,3,2,0,1
38,8,1,1,1
497,8,1,1,1
224,1,1,0,0
386,6,4,1,1
212,6,4,1,1
155,4,4,1,1
385,5,3,0,1
343,8,2,1,1
72,4,2,1,1
352,1,4,0,0
376,4,4,0,1
193,3,3,1,1
462,4,4,1,1
320,3,2,0,1
166,2,2,0,1
5,9,4,0,1
337,2,2,1,1
104,7,4,1,1
378,7,2,1,1
262,6,2,0,1
233,9,1,0,1
81,1,3,0,0
355,3,2,1,1
82,2,2,0,1
208,6,3,0,1
418,6,1,1,1
460,9,1,1,1
494,4,4,0,1
479,3,3,0,1
277,9,3,0,1
100,7,1,1,1
419,7,3,1,1
400,5,2,1,1
495,5,3,0,1
325,4,1,0,1
70,7,3,1,1
251,2,3,1,1
224,9,2,0,1
421,2,1,1,1
196,5,4,1,1
164,3,3,0,1
40,6,3,1,1
417,7,4,0,1
377,9,3,1,1
20,8,1,0,1
216,3,2,1,1
239,2,4,1,1
234,8,2,0,1
459,5,4,0,1
75,1,1,1,0
153,8,2,1,1
90,6,2,1,1
122,1,3,1,0
453,8,1,1,1
470,6,1,1,1
22,6,3,1,1
316,8,2,0,1
116,5,4,1,1
96,5,4,0,1
146,6,2,1,1
97,2,3,0,1
245,2,2,0,1
497,8,2,1,1
293,2,3,1,1
361,5,2,1,1
246,3,1,1,1
6,3,2,0,1
42,6,4,1,1
134,8,2,0,1
121,4,2,0,1
420,2,3,0,1
421,3,1,1,1
427,2,2,1,1
318,8,1,1,1
278,3,4,0,1
324,4,4,1,1
203,1,4,0,0
335,5,1,0,1
397,9,3,0,1
381,4,3,0,1
306,6,4,0,1
29,2,1,0,1
362,2,3,1,1
183,7,1,0,1
371,1,3,0,0
269,5,4,1,1
440,3,1,0,1
169,1,1,0,0
465,5,4,0,1
422,9,1,1,0
165,1,3,1,0
241,8,3,0,1
265,5,2,0,1
384,7,4,0,1
344,1,4,1,0
426,8,2,1,1
184,1,1,0,0
252,9,1,0,1
215,6,1,1,1
454,4,4,0,1
152,1,3,1,0
293,6,3,0,1
60,1,1,1,0
425,6,4,1,1
192,7,3,1,1
170,3,4,1,1
291,3,2,1,1
249,2,3,0,1
423,3,3,1,1
265,2,2,1,1
258,3,3,0,1
52,6,2,0,1
10,3,4,1,0
199,8,3,1,1
499,8,3,1,1
458,7,3,0,1
314,5,2,1,1
315,3,4,1,1
195,9,1,1,1
88,2,3,1,1
4,5,1,0,0
169,5,2,0,1
158,7,3,1,1
95,5,2,0,1
129,8,4,0,1
12,9,3,0,1
303,4,2,0,1
463,8,2,0,0
345,2,3,1,1
224,9,4,0,1
210,2,2,0,1
153,8,3,0,1
71,4,3,1,1
299,9,1,1,1
283,2,4,0,1
3,5,3,0,0
207,9,1,0,1
139,1,3,1,0
85,3,3,0,1
351,1,4,0,0
262,3,1,1,1
316,4,2,1,1
356,6,1,0,0
490,3,3,0,1
401,2,3,0,1
310,2,2,1,1
439,9,4,1,1
238,9,3,0,1
492,2,2,1,1
380,2,1,0,1
325,1,2,0,0
451,9,4,1,1
257,7,2,0,1
360,7,4,1,1
142,3,3,0,1
481,6,3,1,1
311,1,2,0,0
391,7,3,0,1
230,6,1,1,1
433,3,1,0,1
37,7,2,1,1
57,6,3,1,1
253,4,3,0,1
366,2,2,1,1
404,1,2,0,0
220,9,3,1,1
324,3,3,1,1
276,3,1,0,1
480,7,2,1,1
327,3,3,0,1
208,4,4,1,1
484,7,2,1,1
53,6,4,0,1
492,6,3,1,1
77,1,2,1,0
144,5,3,0,1
410,5,4,1,1
366,6,1,1,1
485,2,1,0,1
374,2,2,1,1
318,7,1,1,1
173,7,4,0,1
2,8,4,0,0
61,3,3,0,1
148,9,4,0,1
20,3,1,1,1
254,6,3,0,1
388,2,2,0,1
481,9,2,1,1
244,3,2,1,1
437,8,3,1,1
492,3,3,1,1
429,8,1,1,1
232,5,3,0,1
162,1,4,1,0
488,2,1,1,1
120,7,4,0,1
205,2,3,0,1
37,3,2,0,1
396,5,3,0,1
324,3,3,1,1
42,2,4,1,1
110,6,1,0,1
277,7,1,1,1
270,7,3,1,1
401,9,2,0,1
133,2,1,1,1
462,4,2,1,1
222,3,3,1,1
411,9,1,1,1
119,5,4,0,1
18,1,2,1,0
27,7,1,0,1
186,1,1,1,0
476,3,4,1,1
24,7,1,0,1
184,5,2,0,1
54,7,3,0,1
465,6,3,0,1
337,8,2,1,1
381,6,1,0,1
356,1,3,0,0
328,1,2,0,0
386,7,1,1,1
4,1,1,0,0
432,4,3,0,1
369,1,1,0,0
369,3,2,0,1
196,6,1,0,1
400,2,4,0,1
190,5,3,0,1
24,9,4,0,1
453,1,1,1,0
117,1,2,0,0
50,3,2,1,1
310,8,3,1,1
116,4,4,1,1
429,6,1,1,1
221,1,4,1,0
2,7,3,0,0
475,1,4,1,0
257,7,1,0,1
131,2,4,0,1
338,8,2,1,1
265,3,2,1,1
14,2,1,0,1
379,4,4,1,1
200,1,4,1,0
349,2,1,0,1
447,6,2,1,1
305,3,3,1,1
335,4,3,1,1
127,8,1,1,1
118,2,2,1,1
207,4,2,0,0
426,2,2,1,1
262,5,4,0,1
174,3,1,1,1
389,1,3,0,0
426,1,4,1,0
451,8,4,1,1
149,1,4,0,0
354,8,1,1,1
295,9,1,0,0
224,5,4,0,1
198,3,3,0,1
57,7,3,1,1
137,9,2,0,1
274,2,3,1,1
443,9,1,1,1
433,9,2,0,1
93,2,3,0,1
339,1,1,0,0
42,7,1,0,1
337,1,1,1,0
170,6,1,0,1
224,1,4,0,0
358,7,3,1,1
212,3,4,1,1
403,1,2,1,0
266,1,3,1,0
499,2,4,1,1
319,5,2,1,1
148,1,3,0,0
387,8,3,0,1
203,6,4,0,1
267,3,4,1,1
68,9,3,1,1
59,6,3,1,1
287,7,4,1,1
93,2,3,0,1
498,7,2,1,1
427,6,3,0,1
350,9,3,1,1
367,5,1,0,1
297,7,3,0,1
30,4,3,1,1
196,1,4,1,0
247,2,3,1,1
457,8,1,1,1
109,7,4,0,1
248,4,3,1,1
172,7,2,1,1
67,1,4,1,0
51,1,2,0,0
182,5,2,0,1
41,6,4,1,1
33,9,4,0,1
175,7,3,1,1
100,3,2,1,1
277,8,4,1,1
8,5,1,1,1
150,8,3,0,1
226,2,3,0,1
481,1,4,1,0
317,1,2,0,0
440,9,4,0,1
171,1,1,1,0
224,9,4,1,1
210,7,1,0,1
443,2,3,1,1
479,8,1,0,1
481,2,4,0,1
375,2,4,1,1
251,6,1,0,1
270,3,4,1,1
490,3,2,0,1
142,2,3,1,1
173,6,1,1,1
448,1,1,1,0
193,3,1,0,1
117,5,3,0,1
280,5,3,1,1
162,7,4,1,1
445,2,1,1,1
454,6,3,1,1
153,7,1,0,1
264,4,2,1,1
491,3,1,1,1
371,5,1,1,1
107,6,3,1,1
295,1,4,0,0
309,6,3,0,1
326,2,4,0,1
12,6,3,1,1
149,9,1,0,1
427,5,2,0,1
120,7,4,0,1
149,3,1,0,1
161,9,1,1,1
88,8,4,1,1
77,9,1,0,1
173,7,4,1,1
437,6,4,1,1
0,5,3,1,0
141,9,3,0,1
30,8,1,1,1
280,4,2,0,1
125,1,4,1,0
395,1,4,0,0
292,3,2,1,1
391,1,4,0,0
317,2,4,1,1
219,1,1,1,0
430,9,3,0,1
238,1,3,1,0
474,6,3,1,1
497,4,4,0,1
294,2,4,0,1
337,7,3,1,1
127,9,2,1,1
407,8,4,1,1
335,9,4,1,1
451,6,3,1,1
133,7,3,0,1
393,2,1,0,1
235,8,2,0,1
92,7,1,0,1
85,3,3,1,1
281,4,4,1,1
159,6,1,0,1
50,1,4,1,0
213,8,1,0,1
326,3,1,0,1
159,1,4,1,0
477,3,1,1,1
389,8,3,1,1
256,3,4,0,1
467,5,2,1,1
216,8,1,1,1
69,1,2,0,0
17,7,1,0,0
469,3,3,0,1
479,7,4,1,1
369,2,4,0,1
51,2,4,0,1
146,8,4,0,1
20,8,4,0,1
25,9,4,1,1
123,7,3,1,1
286,5,4,0,1
32,2,2,0,0
492,3,2,0,1
227,6,4,1,1
131,4,2,0,1
258,5,2,1,0
395,2,1,0,1
156,4,2,0,1
23,3,3,1,1
25,2,4,0,1
425,2,1,1,1
55,5,3,1,1
317,4,4,0,1
192,1,4,1,0
388,5,4,1,1
30,2,1,1,1
448,1,2,0,0
349,2,4,0,1
224,5,4,1,1
103,9,3,1,1
488,3,4,0,1
151,3,3,1,0
245,3,1,1,1
197,4,4,1,1
115,7,1,1,1
208,3,2,0,1
75,6,1,1,1
0,9,3,0,0
144,9,1,0,1
56,6,3,1,1
207,7,4,0,1
431,9,4,1,1
81,8,2,0,1
0,3,4,0,0
55,2,2,0,1
254,2,3,1,1
137,8,3,0,1
244,6,1,0,0
14,3,1,0,0
166,4,1,0,1
205,3,4,1,1
215,8,4,0,1
275,6,2,0,0
390,8,4,0,1
233,3,1,0,1
420,5,4,0,1
264,2,1,1,1
130,9,1,0,1
114,5,4,0,1
161,5,2,0,1
298,4,2,1,1
121,3,4,1,1
457,9,2,1,1
239,5,4,1,0
431,7,1,0,1
341,1,1,1,0
166,3,2,1,1
114,8,3,0,1
371,1,1,1,0
165,1,1,1,0
123,8,3,1,1
465,3,2,0,1
241,3,2,1,1
24,6,1,1,1
247,2,1,0,1
230,1,1,1,0
431,1,3,1,0
355,1,1,0,0
95,2,1,0,1
75,7,4,0,0
301,3,2,1,1
23,1,3,1,0
159,1,2,0,0
69,5,4,1,1
10,8,4,1,1
459,4,2,1,1
44,1,3,1,0
4,3,2,1,0
466,5,4,1,1
94,2,2,1,1
408,9,4,1,1
15,7,3,0,1
76,4,3,1,1
55,9,2,1,1
353,3,4,1,1
310,2,3,0,1
237,9,4,1,1
120,9,4,0,1
44,3,1,0,1
284,6,4,0,1
115,2,4,0,1
295,6,1,1,1
343,7,4,1,1
424,7,3,1,1
246,6,2,1,1
2,7,1,0,0
140,5,2,1,1
426,8,1,0,1
266,2,3,1,1
309,5,3,0,1
228,4,3,1,1
81,5,3,1,1
448,2,2,1,1
386,3,3,1,1
497,9,4,1,1
427,1,1,0,0
145,6,2,1,1
127,6,4,0,1
124,5,4,0,1
459,1,4,1,0
278,1,1,0,0
227,3,2,0,1
484,1,1,0,0
301,1,4,1,0
454,2,3,1,1
492,2,1,0,1
39,8,1,1,1
180,6,3,0,1
367,1,4,0,0
406,6,4,0,1
74,2,4,0,1
159,4,4,1,1
274,1,4,0,0
399,1,4,0,0
56,2,4,1,1
300,4,2,0,1
148,5,4,1,1
108,4,4,1,1
257,6,1,1,1
207,7,3,1,1
317,7,2,0,1
158,6,1,0,1
411,5,1,1,1
39,5,1,0,1
430,3,4,0,1
14,5,4,1,1
367,1,1,1,0
173,9,3,0,1
191,4,3,1,1
9,7,3,1,1
351,9,3,0,1
82,5,4,0,1
329,8,3,1,1
362,5,3,0,1
422,2,3,0,1
354,1,2,0,0
150,2,4,1,1
369,9,2,1,1
412,5,4,0,1
158,3,3,0,1
62,5,3,1,1
445,3,4,0,1
73,8,3,1,1
296,9,3,0,1
118,1,3,1,0
63,7,3,1,0
388,4,2,1,1
71,1,3,0,0
335,9,4,0,1
346,1,3,1,0
30,2,4,0,1
86,1,4,1,0
397,5,2,1,1
253,6,1,0,1
60,3,2,0,1
495,1,4,1,0
132,2,4,1,1
2,9,3,1,0
462,8,4,0,1
8,9,1,0,1
276,5,3,0,1
496,5,3,0,1
288,8,3,0,1
292,6,3,0,1
194,4,2,1,1
63,3,3,0,1
286,5,3,1,1
448,1,4,1,0
45,2,1,0,1
440,7,2,1,1
207,8,2,0,1
268,1,1,1,0
82,1,2,1,0
310,1,2,0,0
91,8,2,1,1
136,3,2,0,1
360,3,3,1,1
25,1,3,0,0
223,9,2,0,1
297,4,4,1,1
66,8,2,1,1
147,7,3,0,1
171,2,1,1,1
331,8,1,1,1
488,5,2,0,1
418,6,2,1,1
94,2,2,1,1
9,8,1,0,1
25,9,2,1,1
297,4,3,1,1
78,1,3,0,0
115,8,1,1,1
423,8,2,1,1
436,5,3,1,1
419,6,3,1,1
126,3,4,0,1
309,1,2,0,0
305,9,3,0,1
92,5,4,0,1
276,3,2,1,1
262,7,4,1,1
198,1,2,0,0
375,1,2,1,0
338,3,3,1,1
266,5,3,0,1
362,4,3,0,1
381,2,1,0,1
283,4,1,1,1
133,4,4,0,1
379,5,4,1,1
358,6,4,0,0
491,8,3,0,1
74,8,4,0,1
209,3,2,0,1
462,9,1,0,1
257,5,1,1,1
471,2,2,0,1
6,4,2,0,1
17,7,4,0,1
398,8,2,1,1
179,4,3,0,1
260,2,2,1,1
214,2,3,1,1
203,1,3,0,0
469,7,1,1,1
47,5,2,1,1
386,5,1,0,1
444,7,4,1,1
328,8,3,0,1
197,8,4,1,1
80,2,4,1,1
341,6,1,0,1
234,8,3,0,1
74,7,1,0,1
179,3,4,0,1
480,4,4,0,1
132,9,3,1,1
89,1,4,1,0
340,5,4,0,1
99,2,4,1,1
459,9,1,1,1
429,1,1,1,0
491,1,4,1,0
456,3,2,0,1
121,2,2,1,1
106,5,1,1,1
171,3,3,1,1
234,4,4,1,1
439,6,4,0,1
366,6,3,1,1
322,9,3,1,1
439,5,3,0,1
322,6,2,0,1
189,7,3,1,1
206,2,4,0,1
258,7,2,0,1
44,8,2,1,1
370,3,3,0,1
326,2,3,1,1
365,4,1,1,1
266,3,2,0,1
391,6,3,0,1
474,8,3,0,1
284,6,3,0,1
222,2,4,0,1
52,3,3,1,1
389,7,3,1,1
451,3,2,1,1
349,6,2,1,1
432,7,4,0,1
430,3,2,0,1
399,6,3,1,1
251,4,1,1,1
49,2,1,0,1
1,4,1,0,0
102,4,1,0,1
215,1,3,0,0
371,9,3,0,1
227,5,3,0,1
11,1,2,1,0
105,8,3,0,1
489,8,1,0,1
494,1,2,1,0
188,2,1,0,1
402,4,1,0,1
359,5,1,1,1
465,7,1,1,1
443,4,2,1,1
314,6,3,0,1
197,1,3,1,0
313,6,2,0,1
159,9,1,1,1
174,5,1,0,1
304,5,3,0,1
285,3,4,0,1
290,9,2,0,1
192,1,1,1,0
204,3,2,0,1
5,2,1,0,1
300,8,1,1,1
287,5,2,0,1
467,9,4,0,1
252,6,3,1,1
233,6,4,0,1
33,5,2,1,0
98,2,2,0,1
169,6,2,0,1
188,7,1,0,1
181,9,2,0,1
197,5,2,1,1
384,9,2,0,1
65,9,1,1,0
166,5,3,1,0
81,4,4,0,1
153,2,4,1,1
342,3,1,1,1
23,8,1,0,1
169,2,4,1,1
11,4,4,0,1
477,7,3,0,1
363,3,2,0,1
121,9,3,0,0
99,6,3,0,1
49,1,4,1,0
236,3,3,0,1
376,7,1,0,1
292,8,3,0,1
440,9,4,1,1
171,8,2,1,1
139,1,1,1,0
239,7,1,1,1
101,1,4,1,0
487,1,2,1,0
92,7,3,1,1
239,5,4,1,1
261,6,1,1,1
28,8,1,0,1
234,1,4,1,0
227,5,3,1,1
129,8,1,0,1
63,4,3,1,1
22,5,1,1,1
4,5,4,1,0
240,9,4,1,1
44,1,4,1,0
479,8,2,1,1
122,8,2,1,1
326,8,4,1,1
336,4,3,0,1
247,5,3,0,1
441,4,1,0,1
55,3,3,1,1
117,8,3,1,1
126,5,2,1,1
67,7,4,1,1
147,1,1,1,0
156,8,3,1,1
382,6,4,1,1
150,9,3,0,1
438,2,1,1,1
386,5,3,0,1
450,5,3,1,1
52,5,3,1,1
492,1,2,0,0
306,5,3,0,1
491,3,2,0,1
177,6,3,0,1
476,3,3,1,1
294,4,3,1,1
35,6,4,1,1
205,1,4,1,0
68,8,4,1,1
470,7,4,0,1
152,1,4,0,0
111,1,1,0,0
276,8,2,0,0
212,3,3,0,1
48,8,2,0,1
408,5,3,0,1
422,4,1,1,1
371,3,1,1,1
308,6,3,1,1
201,1,4,1,0
271,4,2,1,1
260,4,2,0,1
82,2,3,0,1
40,4,2,0,1
126,5,1,1,1
227,7,3,1,1
80,1,4,1,0
53,8,3,1,1
425,8,4,0,1
187,7,3,1,1
292,9,4,1,1
262,4,1,1,1
367,8,1,1,1
369,7,1,0,1
148,6,4,0,1
423,2,3,0,1
185,6,1,0,1
417,9,4,0,1
202,9,2,1,1
55,5,3,0,1
380,3,1,1,1
15,7,1,1,1
386,1,2,1,0
21,2,1,1,1
103,6,3,1,1
301,9,1,0,1
470,3,1,0,0
204,4,3,0,1
60,3,2,1,1
116,4,3,0,1
448,1,3,1,0
363,6,4,0,1
50,6,4,0,1
192,3,1,1,1
132,3,3,1,1
88,7,3,1,1
423,2,3,0,1
308,1,4,0,0
89,1,1,0,0
325,8,2,0,1
206,4,4,0,1
30,1,4,1,0
224,8,1,1,0
92,2,2,1,1
122,4,2,0,1
439,1,1,0,0
355,7,1,0,1
67,7,3,1,1
425,7,3,1,1
287,3,3,0,1
437,3,2,0,1
373,9,4,0,1
169,8,3,1,1
267,1,4,1,0
265,7,2,1,1
359,8,1,1,1
124,6,2,0,1
166,6,3,1,1
122,1,2,0,0
148,1,4,0,0
80,1,1,1,0
18,2,3,1,1
470,9,2,0,1
37,6,1,1,1
443,8,3,0,1
1,3,4,0,0
388,9,3,1,1
164,2,1,0,1
258,9,1,1,1
141,1,2,1,0
245,1,3,1,0
225,1,2,1,0
264,8,2,1,1
196,3,4,0,1
268,5,1,1,1
412,5,1,0,1
217,8,1,1,1
180,4,4,1,1
65,1,2,1,0
179,4,1,0,1
62,3,2,1,1
91,7,4,0,1
476,7,3,1,1
44,1,1,1,0
241,8,1,1,1
417,1,1,0,0
476,6,4,0,1
73,4,1,0,1
81,3,2,1,1
186,5,2,1,1
277,3,3,1,1
479,8,3,1,1
103,9,4,0,1
82,8,2,0,1
126,4,2,0,1
437,5,2,0,1
15,5,1,1,1
190,8,3,1,1
59,5,3,0,1
78,5,2,1,1
458,4,4,0,1
0,4,1,0,0
160,5,4,0,1
457,7,3,0,1
304,4,1,0,1
35,8,3,1,1
232,8,4,1,1
485,4,2,0,1
200,9,2,0,1
264,2,4,0,1
265,9,1,0,1
330,3,1,1,1
93,6,3,1,1
419,3,4,0,1
494,4,3,0,1
71,4,1,1,1
409,7,3,0,1
408,1,2,1,0
370,8,4,1,1
185,9,3,1,1
234,6,2,1,1
419,5,3,0,1
76,7,3,1,1
414,2,3,1,1
460,7,2,1,1
340,2,3,1,1
170,7,1,1,1
279,3,2,1,1
25,7,2,0,1
465,8,3,0,1
171,2,4,1,1
28,6,4,0,1
397,5,2,1,1
328,3,3,0,1
311,6,1,0,1
27,9,2,1,1
375,1,3,1,0
318,9,3,1,1
396,8,4,0,1
413,5,2,0,1
105,6,4,1,1
105,4,4,1,1
461,2,3,1,1
265,6,1,1,1
218,8,2,1,1
143,3,4,0,1
319,7,3,0,1
376,7,4,0,1
1,7,4,1,0
276,4,1,0,1
496,4,4,1,1
140,4,2,0,1
140,8,4,0,1
439,9,3,1,1
31,4,2,0,1
198,9,1,1,1
229,6,1,1,1
398,4,3,1,1
64,1,3,0,0
217,6,3,1,1
76,6,1,1,1
393,9,3,0,1
316,7,1,1,1
248,1,1,0,0
196,6,2,0,1
76,7,3,0,1
460,5,3,1,1
323,4,4,1,1
159,8,4,0,1
206,6,2,0,1
363,7,4,1,1
359,5,1,1,1
230,3,4,1,1
151,5,2,0,1
329,9,4,0,1
329,6,4,0,1
299,7,3,1,0
36,2,4,1,1
236,9,1,1,1
306,3,1,0,1
475,9,3,1,1
262,5,3,1,1
171,9,1,0,1
277,9,3,0,1
88,7,1,1,1
45,9,4,1,1
339,6,1,1,1
493,8,2,0,1
423,2,4,0,1
291,1,3,1,0
20,5,3,1,1
493,8,3,0,1
224,7,4,0,1
144,5,2,0,1
446,5,4,1,1
373,6,3,0,1
374,8,4,0,1
138,8,3,1,1
495,1,1,1,0
226,6,3,0,1
265,4,4,0,1
375,8,1,0,1
329,5,4,0,1
86,9,1,0,1
151,4,4,1,1
180,7,4,0,1
473,1,1,1,0
357,9,3,0,1
183,2,1,1,1
367,4,3,1,1
369,8,4,1,1
197,9,1,1,1
201,5,1,0,1
447,5,2,1,1
280,1,2,1,0
74,9,1,0,1
359,1,2,0,0
294,1,2,1,0
254,5,1,0,1
362,1,2,1,0
453,2,1,1,1
165,6,4,0,1
209,7,4,1,1
94,3,2,1,1
323,8,4,0,1
201,6,2,1,1
171,3,4,0,1
348,7,1,0,1
204,6,2,1,1
232,8,3,1,1
220,2,1,0,1
129,3,4,0,1
62,3,2,0,1
413,4,2,0,1
45,8,2,0,1
162,7,4,1,1
333,5,1,0,1
65,5,4,0,1
327,8,4,0,1
366,5,4,1,1
331,3,4,1,1
152,2,4,1,1
9,3,3,0,1
443,6,2,1,1
163,5,2,1,1
402,4,4,1,1
98,5,2,1,1
81,9,3,1,1
389,9,1,1,1
469,2,2,1,1
430,2,2,1,1
375,3,2,1,1
123,8,3,1,1
456,5,3,0,1
333,8,2,1,1
86,6,1,0,1
64,5,3,1,1
435,3,1,0,1
137,4,4,1,1
382,2,4,1,1
69,5,1,1,1
140,3,2,0,1
141,3,1,1,0
140,1,2,1,0
337,8,1,0,1
457,9,4,0,1
455,5,1,1,1
370,5,3,1,1
101,9,3,1,1
480,5,1,0,1
271,6,4,0,1
272,4,1,1,1
350,5,4,1,1
384,5,3,1,1
476,7,3,0,1
291,6,4,0,1
305,5,2,0,1
372,1,2,1,0
127,9,1,1,1
153,8,4,0,1
312,2,2,0,1
32,3,4,1,1
160,9,2,0,1
358,3,4,0,1
488,8,4,0,1
259,8,2,1,1
199,8,2,1,1
220,1,4,1,0
342,5,1,0,1
272,6,1,1,1
11,8,2,1,1
269,3,3,0,1
200,3,1,1,1
350,2,2,0,1
437,7,4,1,1
481,9,1,1,1
305,2,1,1,1
181,3,2,1,1
221,3,1,1,1
88,9,1,1,1
467,5,1,0,1
423,3,1,0,1
426,3,4,1,1
164,6,1,0,1
161,4,3,1,1
428,2,3,1,1
272,8,3,0,1
352,4,3,1,1
244,3,2,0,1
221,7,4,0,1
316,7,1,1,1
406,2,1,0,1
167,1,4,0,0
404,1,1,0,1
122,7,1,1,1
201,6,1,0,1
456,8,1,0,1
477,6,1,0,1
461,4,3,1,1
158,6,3,0,1
421,7,1,0,1
468,4,4,1,1
489,9,1,1,1
10,9,3,1,1
372,8,4,0,1
498,9,3,0,1
382,4,2,0,1
116,2,1,0,1
381,5,1,0,1
52,7,4,1,1
240,8,2,0,1
313,4,1,1,1
228,3,3,1,1
349,5,3,0,1
120,8,1,1,1
303,1,1,1,0
322,3,1,0,1
316,3,1,0,1
144,8,3,1,1
152,5,1,0,0
128,1,3,0,0
230,3,1,0,1
292,1,4,0,0
181,5,3,0,1
204,9,2,1,1
143,6,2,1,1
109,8,1,1,1
328,7,1,1,1
408,8,3,1,1
145,3,1,1,1
430,9,3,0,1
285,3,2,0,1
83,4,1,0,1
182,7,3,1,1
3,3,3,1,0
19,3,3,1,1
168,2,1,0,1
227,1,3,0,0
398,5,4,0,1
67,9,2,0,1
419,2,4,1,1
117,4,3,0,1
69,9,2,1,1
349,7,4,1,1
387,1,4,0,0
302,5,1,1,1
57,2,4,0,1
57,3,1,0,1
195,3,1,1,1
225,6,1,1,1
499,2,2,0,1
143,3,4,1,1
96,3,3,0,1
472,4,3,0,1
76,6,1,0,1
13,4,3,0,1
211,3,2,1,1
200,5,2,1,1
309,6,2,1,1
438,1,1,1,1
466,9,4,0,1
144,9,3,1,1
490,6,2,0,1
316,6,1,1,1
34,7,4,1,1
469,4,2,1,1
68,4,2,1,1
294,4,3,0,1
395,2,1,1,1
124,8,3,1,1
135,3,4,0,1
238,3,2,1,1
442,9,1,1,1
111,5,1,0,1
331,6,1,1,1
226,3,3,0,1
55,3,2,1,1
355,7,1,0,1
416,5,3,0,1
287,2,1,1,1
88,8,2,1,1
77,4,4,1,1
211,7,1,0,1
253,4,1,1,1
276,6,2,0,1
121,7,3,1,1
250,8,1,0,0
147,2,4,1,1
343,7,1,1,1
398,9,4,0,1
326,6,3,0,0
0,2,1,1,0
496,2,1,1,1
11,2,1,0,1
499,1,2,1,0
15,7,2,0,1
258,9,3,1,1
52,5,2,0,1
47,6,3,0,1
341,7,2,1,1
363,4,2,1,1
59,5,2,0,1
488,6,2,0,1
160,3,4,0,1
159,1,1,0,0
148,6,2,1,1
230,8,4,0,1
88,1,3,1,0
212,2,1,0,1
104,3,4,0,1
25,8,1,1,1
184,5,1,0,1
336,5,2,0,1
381,6,3,0,1
176,3,1,0,1
161,7,4,1,1
393,1,1,1,0
340,2,4,0,1
416,8,1,0,1
453,6,2,0,1
410,2,3,0,1
468,4,2,0,1
208,1,3,0,0
197,7,3,1,1
160,7,3,0,1
117,3,2,1,1
374,4,4,1,1
357,3,3,0,1
400,4,2,0,1
83,3,3,0,1
245,3,4,0,1
110,4,4,0,1
446,8,3,1,1
133,7,4,0,1
71,3,4,0,1
284,9,2,1,1
439,2,3,1,1
457,9,1,1,1
48,3,2,1,1
162,5,4,0,1
76,2,2,0,1
153,7,4,0,1
266,3,2,0,1
140,8,1,0,1
33,1,1,0,0
255,5,3,0,1
26,2,2,0,1
113,9,3,1,1
0,4,1,0,0
43,7,2,0,1
218,8,1,1,1
425,5,2,1,1
387,1,4,0,0
49,2,1,0,1
17,2,3,0,1
169,9,1,0,1
326,9,3,0,1
373,5,4,1,1
411,9,2,1,1
171,3,1,0,1
84,7,3,1,1
13,4,2,1,1
73,3,4,0,1
32,3,4,0,1
430,4,3,1,1
134,4,3,0,1
411,2,3,0,1
276,4,3,0,1
269,2,2,1,1
227,9,4,0,1
409,4,2,1,1
21,1,1,0,0
46,6,3,1,1
211,8,3,0,1
197,4,4,0,1
272,8,2,0,1
368,6,2,0,1
293,7,3,1,1
128,3,2,1,1
163,1,4,0,0
376,4,2,0,1
100,9,4,0,1
252,8,2,0,1
269,8,1,0,1
375,8,4,1,1
357,4,3,0,1
232,3,3,1,1
154,9,3,0,1
183,6,2,1,1
205,3,4,1,1
109,3,2,1,1
312,8,4,1,1
104,1,2,1,0
324,1,1,0,0
375,7,1,0,1
480,1,4,0,0
59,2,3,1,1
379,9,2,1,1
42,4,4,1,1
168,7,3,0,1
88,5,3,1,1
81,1,3,0,0
87,2,1,0,1
21,7,1,1,1
411,1,3,0,0
30,6,1,0,1
199,4,3,1,0
349,4,1,1,1
495,9,2,0,1
426,6,3,0,1
68,6,3,0,1
493,4,4,0,1
326,4,3,1,1
89,7,1,1,1
224,1,4,1,0
458,3,1,1,1
196,6,1,0,1
91,6,4,0,1
437,1,1,0,0
476,8,3,1,1
487,5,2,0,1
477,3,4,0,1
436,7,1,1,1
227,9,1,1,1
96,4,2,0,1
308,3,2,0,1
110,3,4,0,1
236,6,3,0,1
328,1,1,0,0
473,5,4,1,1
144,1,2,0,0
125,1,4,0,0
367,4,4,0,1
3,7,1,0,0
283,8,3,0,1
372,1,2,0,0
275,3,2,1,1
191,4,2,0,1
414,6,3,0,1
185,9,2,1,1
355,7,1,0,1
232,5,2,0,1
13,1,1,0,0
265,1,4,0,0
24,2,3,0,1
465,6,2,1,1
300,3,2,0,1
186,3,1,1,1
243,7,2,0,1
309,8,4,1,1
130,4,1,0,0
144,8,1,0,1
209,7,4,0,1
129,7,3,1,1
378,8,1,1,1
51,2,2,0,1
413,7,3,0,0
174,9,2,0,1
280,9,2,1,0
78,6,3,0,1
192,7,3,1,1
377,8,4,0,1
135,8,1,0,1
66,9,2,1,1
260,8,1,0,1
81,4,3,0,1
157,7,3,0,1
225,4,2,1,1
282,8,3,0,1
319,8,2,0,1
338,9,1,1,0
422,6,3,1,1
33,5,2,0,1
181,2,2,0,1
0,6,2,1,0
4,6,4,0,0
106,5,1,0,1
299,7,2,1,1
447,8,3,1,1
386,2,1,0,1
323,4,1,1,1
389,7,3,1,1
85,8,3,1,1
419,8,3,0,1
445,8,1,1,1
47,8,4,1,1
234,9,2,1,1
415,6,1,1,1
238,3,2,0,1
420,6,1,0,1
467,7,2,0,1
237,1,2,1,0
29,7,2,0,1
170,5,2,0,1
107,9,4,0,1
237,2,4,0,1
292,9,2,1,1
231,5,4,1,1
97,6,4,0,1
150,6,4,1,1
339,6,1,0,1
13,9,2,1,1
107,2,2,1,1
446,7,1,0,1
49,9,1,0,1
207,2,3,1,1
103,3,2,1,1
52,5,4,1,1
211,7,3,0,1
260,9,1,0,1
88,8,4,1,1
38,8,2,1,1
67,4,3,1,1
325,6,4,0,1
430,2,3,0,1
90,5,1,1,1
160,2,1,1,1
171,1,2,1,0
180,8,1,0,1
122,8,1,1,1
27,5,4,1,1
262,1,1,1,0
178,1,1,1,0
171,2,3,1,0
132,7,1,0,1
464,2,2,1,1
305,3,4,1,1
209,8,3,1,1
102,8,4,1,1
400,7,2,0,1
444,3,3,1,1
16,6,1,1,1
464,2,2,1,1
349,8,1,1,1
49,1,4,1,0
376,7,1,0,1
53,5,1,0,1
25,7,2,1,1
57,5,2,1,1
229,2,2,0,1
309,7,2,1,1
203,6,2,0,1
60,5,4,0,1
99,4,3,1,0
426,4,4,0,1
481,5,4,0,1
377,3,3,0,1
51,3,4,0,1
409,3,1,0,1
345,1,4,0,0
263,9,2,0,1
71,3,3,0,1
498,2,1,0,1
221,2,1,1,1
22,9,4,1,1
104,5,2,0,1
200,3,1,0,1
31,4,3,1,1
161,1,1,0,0
234,3,2,0,1
474,3,3,1,0
43,8,3,1,1
288,1,2,0,0
457,4,2,1,1
403,8,4,0,1
462,8,1,0,1
85,5,1,1,1
400,3,1,1,1
489,4,4,1,1
163,3,2,0,1
249,6,1,1,1
265,3,1,1,1
246,6,1,0,1
144,6,4,1,1
485,9,2,0,1
478,4,1,0,1
190,9,1,1,1
402,4,3,1,1
198,7,3,1,1
397,6,4,0,1
292,8,1,1,1
235,5,1,0,1
64,8,1,1,1
327,4,2,0,1
160,5,3,0,1
108,5,3,1,1
96,7,1,0,1
490,6,3,0,1
51,1,3,1,0
399,8,1,0,1
433,7,3,1,1
15,1,2,0,0
294,9,1,0,1
288,6,2,0,1
179,1,4,1,0
333,5,3,0,1
204,8,2,0,1
219,3,4,1,1
215,9,2,1,1
400,4,2,0,1
316,3,1,0,1
189,4,4,0,1
463,5,4,1,1
401,7,1,0,1
466,9,3,0,1
365,2,4,0,1
195,9,3,1,1
386,5,1,0,1
164,2,4,1,1
135,9,2,0,1
225,4,2,0,1
484,6,2,1,1
283,7,4,1,1
191,1,3,1,0
230,2,3,1,1
145,7,4,0,1
329,3,4,1,1
175,1,4,0,0
277,1,4,0,0
184,8,4,1,1
160,2,4,1,1
485,1,3,1,0
172,6,1,1,1
35,2,1,0,1
189,6,4,1,1
266,5,2,0,1
47,6,4,0,1
152,5,4,1,1
83,8,3,1,1
250,6,4,0,1
361,4,2,0,1
484,1,2,0,0
194,3,4,0,1
431,2,4,0,1
107,1,1,0,0
390,3,4,1,1
281,2,2,0,1
379,1,4,1,0
377,3,3,0,1
266,5,3,1,1
128,2,1,0,1
263,3,2,0,1
413,1,3,1,0
485,1,4,0,0
463,2,1,1,1
90,5,1,1,1
298,6,3,0,1
52,8,2,0,1
334,6,4,1,1
496,6,1,0,1
26,9,2,1,1
328,3,1,1,1
472,8,3,1,1
423,9,4,1,1
196,6,1,1,1
51,8,2,0,1
461,2,4,1,1
460,8,1,0,1
289,6,4,1,1
489,2,4,0,1
2,1,1,1,0
308,7,1,1,1
19,4,3,1,1
467,3,1,0,1
340,4,3,0,1
456,9,1,1,1
281,4,3,1,1
41,1,2,1,0
13,3,3,1,1
167,2,4,0,0
371,7,2,1,1
75,8,3,1,1
426,8,3,1,1
119,6,4,0,1
248,7,1,0,1
101,4,1,0,1
232,6,2,0,1
226,1,3,1,0
2,5,4,1,0
283,6,2,1,1
393,1,1,1,0
468,5,3,1,1
165,7,3,1,1
440,4,2,1,1
439,5,1,1,1
494,3,4,0,1
186,3,4,1,1
425,2,3,1,1
282,3,3,1,1
29,8,2,1,1
135,9,2,0,1
336,6,1,1,1
80,6,1,1,1
217,6,2,0,1
387,5,2,0,1
74,4,1,1,1
248,6,4,1,1
107,8,2,1,1
268,4,3,0,1
120,6,2,1,1
482,5,2,1,1
38,3,4,1,1
481,3,3,0,1
395,1,4,0,0
427,4,2,0,1
425,7,2,1,1
93,7,2,1,1
465,9,3,0,1
297,1,2,1,0
481,7,2,1,1
439,8,1,0,1
289,4,3,1,1
187,3,3,1,1
58,4,3,0,1
50,7,4,0,1
194,8,4,0,1
405,6,4,0,1
252,5,1,0,1
240,6,4,0,1
122,1,2,1,0
282,6,2,1,1
319,1,2,0,0
491,9,2,1,1
364,9,4,0,1
303,5,3,1,1
455,4,4,1,1
212,7,4,1,1
467,6,2,0,1
184,7,3,1,1
63,5,3,1,1
208,3,2,1,1
64,1,3,0,0
59,3,3,1,1
440,5,4,0,1
397,4,4,0,1
110,5,3,0,1
418,3,4,0,1
34,9,1,0,1
142,4,4,0,1
353,8,2,1,1
151,4,2,1,1
365,4,4,0,1
437,6,2,1,1
33,3,4,1,1
11,2,2,0,1
470,4,2,0,1
260,8,2,1,1
253,2,2,0,1
231,4,4,1,1
216,7,1,1,1
345,7,3,0,1
289,4,4,0,1
81,1,2,0,0
313,1,3,1,0
334,5,2,0,1
56,8,1,1,0
188,1,3,0,0
395,8,4,1,1
309,7,3,1,1
68,1,2,0,0
20,4,1,1,1
290,2,4,0,1
230,9,4,0,1
480,5,4,1,1
261,3,2,0,1
465,3,3,0,1
107,6,2,0,1
223,1,1,1,0
69,3,1,0,1
287,2,2,0,1
94,6,3,0,1
246,7,1,0,1
172,5,3,1,1
92,2,2,1,1
48,4,4,1,1
256,8,2,0,1
473,2,1,1,1
99,2,2,0,1
202,2,4,0,1
112,8,2,0,1
404,2,3,1,1
207,6,4,0,1
487,9,2,0,1
122,6,3,1,1
40,4,1,0,1
291,2,2,1,1
325,1,2,1,0
495,2,3,0,1
435,9,4,1,1
442,2,2,1,1
317,1,2,0,0
179,8,4,0,1
214,4,2,0,1
66,4,3,0,1
215,7,3,1,1
182,5,1,0,1
17,9,4,1,1
102,5,2,1,1
267,7,3,1,1
184,8,2,0,1
496,5,4,0,1
239,3,3,0,1
479,9,1,0,1
330,3,1,1,1
20,1,4,0,0
101,6,3,1,1
352,9,2,0,0
272,1,1,0,0
150,8,1,1,1
261,8,4,1,1
451,9,4,1,0
194,4,2,1,1
22,3,1,0,1
155,5,2,0,1
467,2,1,1,1
380,8,3,0,1
418,6,3,1,1
455,5,4,1,1
58,5,2,1,1
141,7,1,0,1
29,5,1,0,1
2,8,2,0,0
417,9,3,0,1
468,9,1,1,1
77,6,4,0,1
361,7,2,1,1
267,3,4,0,0
34,1,2,1,0
457,4,1,0,1
435,8,1,1,1
283,2,3,0,1
353,5,3,1,1
198,2,4,0,1
396,4,4,0,1
222,2,1,0,1
494,7,2,0,1
31,8,1,1,1
86,7,1,0,1
484,7,1,1,1
144,3,1,1,1
155,5,3,0,1
395,1,1,0,0
94,4,1,1,1
256,5,1,1,1
143,7,3,0,1
98,1,3,1,0
482,8,4,0,1
99,5,1,0,1
47,8,1,1,1
336,5,2,1,1
433,5,3,0,1
63,7,1,1,1
353,8,1,0,1
270,2,2,1,1
415,5,1,0,1
63,1,2,0,0
487,5,4,1,1
309,8,3,0,1
421,8,2,1,1
180,3,2,1,1
471,4,4,0,1
313,5,3,1,1
63,4,3,0,1
461,2,4,1,1
397,3,1,0,1
150,4,1,1,1
272,5,2,1,1
194,9,2,1,1
271,5,1,0,1
482,4,1,0,1
449,6,4,1,1
107,7,3,1,1
485,4,3,1,1
218,5,1,0,1
352,2,2,0,1
382,8,3,1,1
241,8,3,1,1
228,2,3,0,1
228,4,3,0,1
431,3,2,0,1
193,9,4,0,1
139,1,2,1,0
180,2,1,0,1
97,3,4,1,1
195,6,1,0,1
57,3,2,0,1
44,5,1,1,1
361,7,1,1,1
38,8,2,1,1
284,1,1,1,0
389,2,2,0,1
362,1,4,1,0
223,9,1,0,1
96,6,4,1,1
465,5,2,1,1
417,8,3,1,1
306,6,2,0,1
43,3,2,0,1
17,5,1,0,1
157,7,3,1,1
78,1,4,1,0
430,6,3,1,1
102,5,3,1,1
141,1,3,0,0
487,3,2,1,1
409,5,1,1,0
109,4,3,0,1
191,3,4,1,1
257,6,2,0,1
332,4,4,1,1
468,5,4,0,1
435,8,1,0,1
488,1,3,1,0
20,4,3,1,1
118,1,2,0,0
281,9,3,0,1
24,2,4,0,1
177,8,3,0,1
76,2,4,0,1
466,3,4,0,1
31,6,4,1,1
74,8,4,1,1
97,2,1,1,1
74,2,1,0,1
284,8,1,1,1
182,3,1,1,1
456,2,3,0,1
130,7,3,1,1
268,1,2,1,0
330,8,1,0,1
312,8,3,0,1
398,8,2,0,1
100,3,4,0,1
253,2,1,0,1
400,4,2,0,1
431,4,1,0,1
308,9,2,1,1
325,6,4,0,1
432,9,2,0,1
312,7,2,0,1
474,7,2,1,1
63,2,2,1,1
173,1,3,0,1
56,1,4,1,0
45,6,3,0,1
235,2,3,0,1
112,9,2,1,1
203,2,1,1,1
218,9,3,1,1
310,7,4,1,1
472,1,3,0,0
424,1,1,1,0
189,4,3,1,1
162,4,4,0,1
385,3,1,0,1
61,5,1,1,1
270,2,3,0,1
211,2,2,0,1
91,7,3,1,1
308,9,3,0,1
160,3,2,1,1
92,9,1,1,1
326,4,3,0,1
87,4,2,0,1
336,1,4,0,0
81,4,2,1,1
217,5,1,1,1
403,6,4,0,1
114,2,3,0,1
383,2,3,1,1
360,4,4,1,1
451,1,4,1,0
84,2,4,1,1
357,6,4,0,1
468,9,2,1,1
381,6,1,1,1
93,2,3,0,1
411,9,4,1,1
53,5,4,1,1
294,7,3,1,1
248,2,3,0,1
265,6,3,0,1
259,1,1,0,0
15,6,1,1,1
254,2,1,0,1
468,9,4,0,1
218,1,4,0,0
138,6,2,0,1
497,2,2,1,1
49,7,2,1,1
243,5,1,1,1
256,9,2,0,1
238,6,2,1,1
460,4,3,1,1
210,1,4,1,0
486,6,1,1,1
33,4,2,1,1
366,1,4,0,0
296,6,4,1,1
120,2,4,1,1
113,3,3,1,1
359,1,1,0,0
318,4,4,1,1
305,2,3,1,1
25,1,4,1,0
298,4,4,1,1
490,2,2,0,1
8,2,1,1,1
234,5,3,1,1
247,1,2,0,0
448,9,1,0,1
141,5,2,0,1
237,9,4,0,1
358,8,2,0,1
30,9,2,1,1
400,5,3,1,1
411,4,3,0,1
359,7,2,1,1
324,1,4,0,0
373,8,3,1,1
390,3,1,0,1
451,1,2,0,0
214,3,4,0,1
228,3,1,1,1
318,1,1,1,0
96,7,3,0,1
428,1,2,1,0
385,8,2,0,1
315,5,2,0,1
150,7,1,0,1
173,4,2,1,1
217,2,1,1,1
331,2,3,1,1
389,6,3,1,1
335,7,4,1,1
464,3,1,0,1
480,4,2,0,1
352,9,2,0,1
185,8,3,0,1
299,4,3,0,1
212,3,4,0,1
314,3,4,1,1
406,5,4,0,1
184,6,1,1,1
252,2,1,1,1
22,1,4,1,0
368,5,4,0,1
244,8,2,1,1
229,2,1,1,1
266,4,3,1,1
107,2,3,1,1
298,3,4,1,1
372,6,3,0,1
174,3,4,1,1
65,3,4,0,1
193,9,1,1,1
99,2,1,1,1
186,2,4,0,1
313,9,1,1,1
56,5,1,0,1
373,1,4,0,0
112,4,1,0,1
447,6,1,1,1
366,3,1,0,0
136,5,2,1,1
281,6,3,0,1
55,3,3,1,1
49,8,4,0,0
478,5,3,0,1
401,9,4,1,1
77,1,1,1,0
141,3,2,1,1
98,7,2,1,1
197,9,1,1,1
145,2,4,0,1
164,9,1,0,1
264,2,2,1,1
94,4,2,1,1
441,3,1,1,1
363,4,4,0,1
380,9,1,0,1
84,7,1,1,1
354,8,2,1,1
418,3,1,0,1
87,9,4,1,1
375,4,1,0,1
178,6,2,1,1
393,7,2,0,1
239,6,1,1,1
401,6,1,1,0
73,5,3,0,1
194,6,1,1,1
136,9,1,0,1
124,4,2,0,1
154,5,2,0,1
191,2,2,1,1
63,4,4,1,1
353,7,2,0,1
275,6,3,0,0
414,2,4,0,1
352,5,1,1,1
74,8,3,0,1
34,2,2,0,1
211,1,3,0,0
240,4,1,0,1
120,6,2,1,1
391,3,1,1,1
290,8,4,0,0
373,8,3,1,1
54,5,1,1,1
407,4,3,0,1
103,1,4,0,0
224,8,3,0,1
219,9,2,1,1
410,4,4,0,1
138,5,1,0,1
120,7,1,0,1
169,7,1,1,1
180,2,4,0,1
90,7,3,1,1
88,9,3,1,1
115,7,3,0,1
233,5,2,0,1
171,5,1,0,1
196,3,4,0,1
359,6,4,0,1
120,3,1,0,1
454,4,1,0,1
375,3,3,0,1
87,4,1,0,1
156,4,3,1,1
91,1,4,1,0
136,7,2,0,1
182,4,2,0,1
65,9,4,0,1
7,2,2,0,1
219,7,1,1,1
350,2,1,0,1
151,5,4,1,1
430,5,4,1,1
184,5,1,1,1
450,6,4,0,1
117,8,1,1,1
269,3,1,0,1
381,8,2,1,1
29,2,2,1,1
465,3,4,1,1
182,3,3,0,1
248,9,1,1,1
314,2,3,0,1
321,4,4,0,1
11,4,3,0,1
433,8,1,1,1
311,5,1,1,1
499,9,2,1,1
235,7,2,1,1
306,7,2,1,1
220,7,1,0,1
444,2,1,0,1
416,5,3,0,1
454,6,4,1,1
252,2,3,0,1
395,2,2,0,1
179,2,4,0,1
230,8,3,1,1
380,6,3,0,1
40,3,3,0,1
355,7,4,0,1
7,7,3,1,1
290,8,3,1,1
238,9,3,1,1
234,8,4,0,1
247,2,4,0,1
245,7,2,1,1
203,4,3,0,0
225,4,1,0,1
284,6,3,0,1
381,6,4,1,1
276,4,3,1,0
321,9,2,0,1
418,2,3,1,1
494,1,2,0,0
54,1,2,1,0
356,8,1,1,1
112,4,3,0,1
98,4,1,0,1
396,6,2,1,1
34,4,4,0,1
423,6,4,1,1
385,1,2,1,0
497,2,4,0,1
333,9,1,1,1
436,5,4,0,1
59,2,2,1,0
444,4,4,0,1
80,4,4,1,1
157,3,3,0,1
64,3,3,1,1
200,7,3,0,1
374,1,1,1,0
134,3,1,0,1
411,5,2,1,1
303,5,2,0,1
314,8,3,0,1
469,9,2,0,1
215,3,3,1,1
172,5,1,0,1
497,1,1,1,0
278,6,4,1,1
307,2,4,0,1
148,1,4,1,0
107,7,2,1,1
84,2,3,0,1
111,5,3,1,1
97,1,2,1,0
373,7,3,0,1
28,7,3,1,1
314,6,2,0,1
474,8,2,0,1
382,4,2,1,1
201,2,4,0,1
29,2,4,0,1
417,2,4,0,1
1,2,4,1,0
340,3,2,1,1
335,2,4,1,1
95,6,1,0,1
369,2,4,0,1
87,6,2,0,1
112,4,2,0,1
405,7,1,1,1
489,5,1,0,0
132,9,2,1,1
460,4,3,0,1
456,3,1,0,0
384,6,4,1,1
70,6,1,1,1
149,4,4,0,1
338,6,2,0,1
499,5,2,0,1
407,3,1,1,1
210,3,4,1,1
117,9,3,1,1
480,7,1,1,1
138,1,1,1,0
171,9,3,0,1
482,7,4,0,1
280,1,1,1,0
132,7,1,0,1
2,6,3,0,0
214,9,1,1,1
493,5,2,1,1
216,5,1,0,1
349,3,2,1,1
126,3,3,1,1
387,6,2,0,1
387,8,2,0,1
304,9,2,1,1
385,7,3,0,1
289,6,1,1,1
189,5,1,0,1
368,4,1,0,1
417,7,4,0,1
420,3,3,0,1
106,3,1,1,1
338,8,2,0,1
2,6,2,0,0
285,4,1,0,1
285,8,4,1,1
181,9,4,1,1
497,3,1,1,1
441,5,1,1,1
19,5,2,1,1
104,7,3,1,1
103,9,4,1,1
448,5,2,0,1
259,8,2,1,1
364,6,1,1,1
404,8,1,1,1
383,4,1,1,1
44,4,2,0,1
70,4,3,0,1
197,9,1,1,1
169,6,1,0,1
373,2,4,1,0
78,1,4,1,0
185,5,3,0,1
118,8,3,0,1
94,5,3,1,0
86,6,2,0,1
97,8,1,0,1
282,5,2,0,1
205,9,3,1,1
217,6,3,0,1
239,7,3,0,1
370,8,3,0,1
430,6,1,1,1
263,1,3,0,0
321,4,4,0,1
369,2,3,0,1
345,5,3,1,1
67,2,1,0,1
491,5,4,0,1
82,4,2,0,1
205,1,2,1,0
326,2,2,0,1
201,5,1,0,1
121,1,4,1,0
461,8,3,1,1
35,7,2,1,1
122,7,4,0,1
496,2,1,1,1
364,8,2,0,1
43,6,3,1,1
377,4,1,0,0
484,1,3,0,0
48,5,4,1,1
207,8,3,1,1
234,1,1,0,0
65,1,3,0,0
100,4,2,1,1
86,5,3,1,1
92,5,3,0,1
201,4,1,1,1
231,3,1,1,1
118,1,1,0,0
144,1,1,0,0
96,1,2,0,1
398,7,1,0,1
105,8,4,0,1
453,4,4,0,1
269,1,1,0,0
401,4,2,0,1
318,9,3,0,1
133,3,3,0,1
300,5,3,0,1
137,5,4,0,1
59,3,3,1,1
127,4,3,1,1
137,5,3,0,1
67,5,3,1,1
11,7,2,1,1
471,6,3,0,1
256,1,4,0,0
201,1,2,1,0
464,4,1,1,0
112,9,3,0,1
201,1,4,0,0
423,1,4,0,0
316,7,3,0,1
199,5,4,0,1
127,3,2,0,1
17,2,2,0,1
42,6,2,0,1
80,5,2,0,0
393,6,3,1,1
319,3,4,1,1
216,5,2,0,1
391,8,1,1,1
80,3,4,1,1
105,4,4,1,1
196,2,4,0,1
458,6,2,0,1
307,1,3,0,0
425,3,3,0,1
124,7,4,1,1
424,1,4,1,0
36,9,4,0,1
113,4,2,0,1
261,4,1,1,1
25,5,1,0,1
429,6,4,1,1
433,5,4,0,1
270,8,1,0,1
152,9,2,0,1
49,2,1,0,1
309,7,2,1,1
268,3,3,0,1
379,9,3,0,1
301,3,2,0,1
64,3,2,0,1
60,7,3,0,1
390,8,3,1,1
79,2,1,1,1
469,6,1,1,1
52,4,2,0,1
364,6,2,0,1
487,6,4,0,1
220,9,4,0,1
28,9,3,1,1
438,6,1,1,1
93,7,1,0,1
263,9,2,0,1
492,2,3,0,1
372,7,3,0,0
23,7,1,1,1
410,2,4,0,1
80,8,2,1,1
374,7,3,0,1
310,4,1,1,1
143,5,4,1,1
211,5,3,0,1
58,9,1,1,1
493,9,2,0,0
119,8,2,1,1
154,6,1,0,1
251,1,4,1,0
336,9,4,1,1
252,2,4,1,1
252,2,2,0,1
291,1,3,1,0
428,9,2,0,1
197,5,2,1,1
416,3,3,1,1
393,1,2,0,0
480,4,4,0,1
456,7,1,0,0
399,9,1,1,1
123,5,4,1,1
387,6,4,1,1
368,8,4,0,1
144,9,2,1,1
338,3,2,0,1
126,9,1,0,1
261,5,2,0,1
398,9,3,0,1
94,2,2,1,1
168,1,2,0,0
397,8,1,0,1
226,7,2,0,1
480,2,3,0,1
3,9,3,1,0
360,1,3,0,0
407,7,4,0,1
458,2,1,0,1
78,1,2,1,0
492,8,3,1,1
196,8,2,1,1
176,1,4,0,0
177,1,1,0,0
319,6,1,0,1
329,1,2,0,0
236,7,2,0,1
35,9,4,1,1
493,7,2,1,1
111,3,2,1,1
46,2,1,1,1
298,7,2,1,1
206,1,3,0,0
307,5,3,0,1
437,5,3,0,1
48,7,2,0,1
142,2,1,1,1
258,7,1,0,1
393,7,1,1,1
300,3,3,1,1
191,4,4,0,1
305,1,4,1,0
489,5,2,0,1
240,3,1,0,1
441,2,3,0,1
389,6,1,0,1
150,6,3,0,1
124,1,2,1,0
385,2,4,1,1
103,1,3,1,0
168,7,3,1,1
117,4,2,1,1
303,1,4,1,0
147,2,3,0,1
329,9,3,1,1
467,3,2,1,1
414,7,2,0,1
473,5,4,0,1
12,2,2,1,1
227,3,1,1,1
110,1,2,0,0
458,7,2,0,1
355,4,2,0,1
160,5,1,0,1
281,2,1,1,1
302,8,2,0,1
247,2,2,0,1
237,6,1,1,1
27,8,2,1,1
226,7,2,1,1
174,6,1,1,1
409,8,2,0,1
432,2,2,1,1
375,9,1,1,1
15,6,4,1,1
420,4,1,0,1
198,3,3,0,1
208,7,3,1,1
472,9,4,0,1
433,7,3,1,1
25,1,3,1,0
179,5,4,1,1
374,7,4,1,1
269,4,1,1,1
128,7,4,1,1
262,7,2,1,1
433,1,1,0,0
111,6,3,0,1
373,2,4,0,1
367,5,1,0,1
442,4,1,0,1
148,8,4,0,1
107,8,3,1,1
273,5,1,0,1
265,5,4,1,1
204,6,2,1,1
389,6,2,1,1
399,6,2,0,1
122,8,3,0,1
397,9,1,1,1
115,8,2,0,1
203,2,2,1,1
13,5,1,0,1
170,5,4,1,1
479,5,1,0,1
221,5,4,1,1
355,7,1,0,1
53,4,2,0,1
317,3,1,1,1
185,5,2,0,1
371,8,3,0,1
464,3,1,1,1
265,1,3,0,0
51,9,4,0,1
238,2,2,1,1
61,6,1,0,1
224,8,3,1,1
30,3,1,0,1
320,4,1,0,1
155,3,2,0,1
100,2,2,0,1
8,2,1,1,1
444,2,4,1,1
418,5,3,1,1
405,5,4,1,1
29,1,2,0,0
174,8,2,1,1
485,7,4,0,1
289,1,1,0,0
64,8,2,0,1
70,1,4,1,0
131,6,2,0,1
486,5,4,1,1
84,5,2,0,1
451,9,2,0,1
339,9,4,1,1
460,3,1,0,1
413,6,4,0,1
166,9,1,1,1
413,7,2,0,1
84,8,3,0,1
145,4,3,1,1
105,3,4,1,1
66,5,4,0,1
45,8,3,1,1
93,9,3,0,1
60,7,2,0,1
190,7,4,0,1
35,5,3,1,1
30,3,1,0,1
494,4,4,0,1
43,5,2,1,1
37,8,2,1,1
15,5,2,0,1
66,8,4,1,1
263,1,2,0,0
413,7,2,1,1
367,5,1,0,1
290,9,2,0,1
42,5,1,1,1
387,5,3,1,1
18,2,4,1,1
315,8,2,1,1
204,7,4,0,1
441,8,4,1,1
153,1,1,1,0
319,2,3,1,1
219,8,3,0,1
261,1,2,0,0
469,5,4,1,1
356,4,2,1,1
207,9,1,0,1
223,8,3,0,1
352,9,1,0,1
173,3,2,0,1
83,6,3,1,1
233,7,3,1,1
34,9,2,1,0
84,1,2,1,0
210,9,1,0,1
398,4,2,1,1
390,2,3,0,1
130,6,3,0,1
210,8,2,0,1
76,2,1,0,1
377,1,3,0,0
123,9,3,0,1
399,9,1,0,1
421,2,3,0,1
344,9,1,1,1
165,9,2,1,1
476,9,3,0,1
343,2,3,1,1
322,6,3,1,1
428,9,4,0,1
440,9,1,0,1
38,6,4,0,1
440,2,2,1,1
382,1,2,0,0
103,3,4,0,1
153,1,2,1,0
376,2,1,1,1
108,1,3,1,0
226,7,3,0,1
344,6,3,0,1
325,5,1,0,1
454,8,3,0,1
55,4,1,1,1
147,4,3,0,1
492,2,3,1,1
284,5,4,0,1
124,2,4,1,1
144,6,1,1,1
169,9,1,0,1
277,5,3,1,1
142,3,4,1,1
310,7,1,0,1
222,8,2,0,1
305,5,2,1,1
77,3,2,1,1
311,7,3,0,1
462,2,2,0,1
67,9,2,0,1
163,3,4,1,0
346,4,2,1,1
308,7,1,0,1
337,1,4,0,0
279,2,2,1,1
341,2,4,0,1
304,4,4,1,1
37,5,3,1,1
375,2,1,1,1
223,4,4,1,1
25,7,3,1,1
204,9,2,0,1
217,1,4,1,1
43,6,4,1,1
498,1,4,1,0
111,5,1,0,1
165,8,3,1,1
220,8,2,1,1
416,3,1,0,1
371,3,2,0,1
385,8,1,1,1
118,8,1,1,1
422,3,3,1,1
414,1,3,0,0
231,5,2,0,1
272,6,1,1,1
18,4,4,0,1
380,9,3,1,1
480,8,3,1,1
236,8,1,0,1
270,1,1,1,1
249,8,1,1,1
41,7,1,0,1
309,4,4,0,1
360,6,2,0,1
463,8,3,1,1
464,9,4,0,1
245,5,4,0,1
479,1,2,0,0
264,6,2,0,1
321,7,2,0,1
300,1,1,1,0
499,8,4,1,1
368,2,3,0,1
60,9,2,1,1
35,5,3,1,1
204,3,3,0,1
257,1,1,1,0
334,1,3,1,0
240,7,4,0,1
257,4,3,1,1
460,8,3,0,1
167,3,1,1,1
246,9,3,1,1
278,9,4,0,1
234,1,2,1,0
484,6,3,0,1
481,9,3,0,1
256,3,1,1,1
225,1,2,0,0
294,8,4,0,1
90,5,4,1,1
212,1,2,0,0
108,8,2,1,1
72,7,4,0,1
47,1,1,1,0
293,3,2,0,1
0,1,1,0,0
323,9,1,1,1
215,1,3,1,0
183,8,2,0,1
384,5,4,1,1
269,6,4,1,1
366,8,4,0,1
354,9,3,0,1
16,2,3,0,1
107,1,3,1,1
284,2,4,0,1
487,7,1,1,1
77,6,3,1,1
52,1,1,0,0
470,3,2,0,1
483,5,2,1,1
83,7,3,1,1
200,4,4,0,0
313,9,1,1,1
97,9,3,0,1
163,7,1,0,1
197,5,1,0,1
320,8,2,1,1
154,7,3,1,1
206,5,1,1,1
144,4,2,1,1
379,8,4,0,1
76,6,2,0,1
115,2,4,1,1
124,9,4,0,1
452,1,2,1,0
472,7,3,1,1
250,6,3,0,1
78,6,2,1,1
378,1,2,1,0
246,5,2,0,1
424,9,1,1,1
179,3,1,0,1
499,7,2,0,1
403,8,4,1,1
111,9,1,1,1
362,5,1,0,1
143,3,2,1,1
174,7,3,1,1
125,5,1,1,1
341,6,1,1,1
131,7,1,0,1
319,7,2,1,1
291,3,1,0,1
375,7,4,0,1
496,5,4,0,1
4,9,2,0,0
495,6,1,1,1
54,9,1,1,1
263,9,2,1,1
170,9,2,0,0
319,7,3,1,1
360,6,2,0,1
429,2,2,0,1
200,4,2,0,1
466,5,3,1,1
161,8,3,0,1
101,6,1,1,1
189,4,2,1,1
264,2,3,1,1
334,7,3,0,1
416,4,3,1,1
112,1,3,0,0
151,3,3,1,1
469,8,2,1,1
219,2,3,0,1
120,4,2,0,1
492,5,2,1,1
224,1,1,0,0
492,2,2,1,1
459,9,1,1,1
453,6,1,1,1
290,2,2,1,1
399,2,3,0,1
480,4,4,1,1
134,7,1,1,1
18,7,4,0,1
160,2,2,0,1
318,7,3,0,1
273,9,3,0,1
40,3,4,0,1
280,1,1,0,0
87,9,4,1,1
252,5,1,0,1
287,7,4,0,1
318,3,3,0,1
206,3,2,1,1
204,3,2,0,1
339,2,1,0,1
374,5,4,1,1
403,1,3,0,0
166,8,4,0,1
212,5,3,1,1
165,9,4,1,1
263,5,4,1,1
63,3,2,1,1
215,5,3,0,1
94,2,2,1,1
266,8,4,0,1
425,7,3,0,1
492,2,2,1,1
223,6,3,0,1
28,5,2,0,1
113,2,3,1,1
52,2,2,0,1
379,7,2,1,0
492,3,4,0,1
276,5,1,1,1
88,3,4,0,1
10,6,1,0,1
488,1,1,0,0
158,4,1,1,1
56,5,1,0,1
88,4,1,1,1
127,6,4,0,1
327,2,4,1,1
445,4,3,1,1
137,7,1,1,1
343,4,4,0,1
32,2,3,1,1
5,8,3,1,1
27,8,4,1,1
461,7,2,0,1
290,8,2,1,1
402,8,4,1,1
10,7,3,1,1
11,5,3,0,1
424,1,3,1,1
51,6,4,1,1
77,3,2,0,1
259,7,1,1,1
303,5,2,1,1
114,9,3,0,1
222,6,4,1,1
337,5,2,1,1
221,9,3,0,1
191,5,4,1,1
35,4,4,0,1
225,4,4,0,1
401,8,4,1,1
313,7,3,1,1
446,2,2,1,1
63,5,2,1,1
5,4,3,0,1
274,6,1,1,1
89,1,3,0,0
296,7,3,0,1
451,7,3,0,1
168,3,2,1,1
274,2,3,1,1
340,6,1,0,1
75,3,3,1,0
448,9,4,1,1
101,7,4,1,1
404,9,4,1,1
329,5,2,0,1
70,9,1,0,1
362,1,3,1,0
98,3,1,1,1
299,1,2,1,0
479,7,3,0,1
476,5,3,1,1
435,3,3,0,1
247,3,4,0,1
279,6,1,0,1
150,2,4,0,1
460,5,3,0,1
238,6,2,1,1
385,3,2,0,1
179,3,3,0,1
370,4,3,0,1
112,6,2,1,1
366,3,1,1,1
22,4,1,1,1
52,5,2,1,1
176,2,2,0,1
241,6,3,0,1
355,2,4,0,1
179,2,1,0,1
9,3,2,1,1
162,3,1,0,1
219,1,4,1,0
271,9,3,0,1
322,3,1,0,1
123,8,2,1,1
305,9,3,0,1
315,8,4,1,1
388,8,3,1,1
261,1,2,1,0
405,4,3,0,1
110,7,3,1,1
355,6,3,1,1
22,1,1,0,0
51,6,3,1,1
432,8,1,1,1
237,8,4,0,1
310,4,4,1,1
301,3,3,1,1
347,3,3,0,1
122,3,1,1,1
89,4,4,1,1
21,3,2,0,1
432,5,2,0,1
111,1,3,1,0
287,3,4,0,1
227,3,2,1,1
81,2,3,1,1
206,8,3,1,1
41,7,2,0,1
88,9,3,0,1
69,6,4,0,1
412,1,2,1,0
283,9,4,0,1
462,5,4,0,1
217,7,4,0,1
100,4,3,1,1
304,5,4,1,1
464,5,3,1,1
266,3,4,0,1
8,5,3,0,1
151,7,4,0,1
462,1,4,0,0
259,2,4,0,1
475,8,3,1,1
254,6,3,0,1
6,9,4,0,1
436,6,2,1,1
381,6,1,1,1
357,9,4,0,1
485,6,3,1,1
98,3,2,0,1
452,5,3,1,1
116,3,1,0,1
485,4,2,0,0
95,7,2,1,1
275,2,2,0,1
394,7,4,0,1
39,6,3,0,1
33,3,1,1,1
424,1,2,1,0
30,7,1,0,1
306,8,4,1,1
469,7,2,0,1
307,4,2,1,1
240,6,2,0,1
208,4,1,0,1
319,4,4,0,1
285,3,3,0,1
250,2,2,0,1
76,9,2,0,1
331,6,3,0,1
369,2,1,1,1
354,8,4,0,1
37,2,3,0,1
351,6,1,1,1
364,2,3,0,1
91,4,4,1,1
424,6,1,1,1
261,9,3,1,1
236,9,3,1,1
361,9,4,1,1
254,3,3,0,1
272,1,3,1,0
156,9,4,1,1
463,9,4,1,1
484,3,2,0,1
65,1,3,0,0
366,6,1,0,1
11,1,4,1,0
184,1,4,0,1
484,9,2,1,1
87,5,3,0,1
188,2,4,0,1
109,6,1,1,1
364,4,3,1,1
231,5,4,1,1
296,9,4,1,1
471,3,1,1,1
260,6,4,1,1
367,8,4,0,1
48,4,1,1,1
107,9,3,1,1
473,5,3,1,1
429,5,4,1,1
328,8,1,1,1
189,6,4,0,1
99,8,3,1,1
425,8,2,1,1
392,7,2,0,1
120,3,4,1,1
294,4,4,1,1
309,8,2,1,1
238,6,4,1,1
463,3,3,0,1
62,3,1,1,0
128,7,3,1,1
47,2,4,0,1
346,2,1,1,1
322,7,1,0,1
493,3,1,1,1
271,7,3,1,1
75,5,1,1,1
225,9,4,1,1
44,5,1,0,1
335,8,1,0,1
337,8,2,1,1
428,2,4,0,1
169,9,4,1,1
155,7,2,0,1
35,1,3,1,0
207,1,4,1,0
237,3,4,0,1
377,1,1,0,0
376,4,4,0,0
70,9,4,1,1
142,5,3,0,1
255,1,3,1,0
167,5,2,0,1
12,2,4,1,1
422,8,4,1,1
365,1,3,0,0
260,7,3,0,1
158,5,2,0,1
421,1,3,1,0
17,7,1,1,1
223,5,4,1,1
400,7,3,1,1
476,6,3,1,1
125,8,1,0,1
325,5,3,0,1
94,1,1,1,0
57,2,4,1,1
176,5,3,1,1
442,4,2,1,1
344,8,4,0,1
244,4,4,1,1
141,8,1,1,1
70,2,1,0,1
135,4,2,0,1
76,7,1,1,1
93,2,3,0,1
343,3,3,0,1
66,7,3,0,1
23,6,1,1,1
271,8,4,0,1
143,5,4,0,1
227,8,3,0,1
69,8,1,0,1
104,9,2,0,1
220,2,3,1,1
345,6,3,0,1
207,2,1,0,1
270,3,4,1,1
260,3,4,1,1
134,6,3,1,1
139,4,2,1,1
212,8,3,0,1
16,3,1,0,1
342,6,3,0,1
307,7,1,0,1
153,9,1,1,1
186,3,3,0,1
164,7,3,1,1
325,1,4,1,0
379,5,3,1,1
54,4,4,1,1
206,9,4,1,1
6,7,2,0,1
226,9,4,1,1
124,8,2,1,1
167,4,3,1,1
228,7,1,0,1
161,1,1,1,0
197,6,3,1,1
382,1,2,0,0
405,7,3,1,1
2,9,1,0,0
188,7,2,0,1
423,8,3,1,1
265,3,3,1,1
102,9,4,0,1
296,5,4,0,1
72,7,4,0,1
10,7,1,1,1
316,6,3,0,1
257,3,1,1,1
378,6,2,0,1
172,6,1,1,1
427,8,2,0,1
210,5,1,0,1
369,5,3,0,1
50,5,1,1,1
48,2,3,1,1
391,1,3,0,0
416,1,1,0,0
471,6,1,1,1
162,4,4,0,1
11,8,3,0,1
489,7,2,0,1
300,2,4,1,1
123,1,1,0,0
381,4,4,0,1
451,9,1,0,1
142,1,3,1,0
384,2,1,1,1
393,1,1,1,0
250,4,2,0,1
316,9,1,0,1
134,7,2,0,0
464,5,1,1,1
491,2,1,0,1
490,4,4,1,1
368,5,4,0,1
21,3,4,0,1
183,7,1,0,1
222,9,2,1,1
479,2,2,1,1
273,3,2,1,1
268,2,2,0,1
73,7,3,1,1
396,5,2,1,1
168,3,2,0,1
45,2,4,1,1
493,1,4,1,0
95,5,2,0,1
8,7,1,0,1
38,3,3,0,1
226,1,2,1,0
51,5,4,0,1
421,7,2,0,1
256,4,1,1,1
161,3,1,0,1
1,2,1,0,0
239,7,2,0,1
75,8,2,1,1
489,7,4,0,1
145,5,4,0,1
237,7,1,1,1
9,4,4,0,1
65,1,3,1,1
103,4,2,0,1
25,7,2,1,1
362,6,2,1,1
472,9,1,1,1
492,9,4,0,1
132,3,1,0,1
394,1,1,1,0
252,3,2,0,1
22,8,1,0,1
45,8,1,1,1
273,1,2,1,0
211,2,2,1,1
4,6,1,1,0
465,6,4,1,1
365,9,4,0,1
251,7,3,0,1
493,2,3,1,1
485,1,4,1,0
486,6,2,0,1
129,5,2,0,1
440,9,1,0,1
252,6,3,1,1
363,5,1,1,1
429,3,3,0,1
81,1,4,0,0
224,8,1,1,1
64,8,3,0,1
139,2,2,0,1
206,7,2,0,1
427,4,3,1,1
431,4,1,1,1
194,8,4,0,1
164,8,2,0,1
265,2,2,1,1
455,3,4,1,1
488,8,1,0,1
113,9,2,0,1
93,1,4,1,0
353,8,2,0,1
150,5,1,0,1
99,6,2,1,1
15,1,4,0,0
201,7,4,0,1
195,7,4,1,1
281,6,2,0,1
100,8,4,0,1
357,9,2,1,1
340,8,4,0,1
231,7,4,1,1
90,9,1,1,1
253,7,4,1,1
337,7,3,1,1
186,5,3,0,1
131,7,4,1,1
253,1,1,0,0
177,5,3,0,1
200,4,1,0,1
174,9,2,1,1
151,1,1,1,0
358,6,1,1,1
230,2,4,1,1
233,8,2,0,1
326,8,2,1,1
180,3,2,1,1
50,8,3,0,1
426,5,3,0,1
27,9,3,0,1
285,7,4,1,1
132,1,2,0,0
106,2,4,1,1
20,4,4,1,1
450,2,3,0,1
214,2,1,0,1
171,9,2,0,1
370,8,3,0,1
19,4,2,0,1
282,2,2,1,1
247,2,2,0,1
276,9,1,1,1
61,3,1,1,1
476,1,4,1,0
119,4,1,1,1
339,5,4,0,1
373,6,2,1,1
171,4,4,1,1
65,9,2,0,1
148,6,4,0,1
403,9,3,1,1
453,4,4,1,1
468,6,1,0,1
113,4,4,1,1
303,7,2,0,1
75,7,2,1,1
355,3,1,1,1
207,9,4,0,1
356,8,3,1,1
342,9,4,0,1
496,2,3,1,1
244,7,1,1,1
170,1,2,1,0
263,1,2,0,0
81,9,1,0,0
55,2,4,1,1
259,8,4,1,1
412,4,3,0,1
266,3,3,1,1
390,1,3,1,0
88,7,3,1,1
224,7,1,0,0
306,5,3,0,1
173,8,4,0,1
7,3,4,0,1
36,5,3,0,1
463,3,4,0,1
302,6,3,0,1
132,2,2,0,1
129,5,2,1,1
19,5,3,0,1
472,6,4,0,1
54,5,1,1,1
379,6,2,1,1
120,5,3,1,0
167,3,4,0,1
136,2,2,0,1
412,6,3,1,1
16,9,1,1,1
176,7,2,0,1
139,6,4,1,1
136,9,3,1,1
96,9,4,1,1
456,5,1,1,0
189,1,2,1,0
209,6,4,0,1
192,6,4,1,1
490,3,4,1,1
169,8,2,0,0
170,8,4,0,1
163,3,2,0,1
163,5,4,0,0
44,2,4,1,1
302,2,2,0,1
12,3,2,1,1
112,4,4,1,1
101,3,2,1,1
145,2,2,1,1
378,5,3,1,1
299,6,4,1,1
495,3,1,0,1
175,5,4,1,1
464,3,2,0,1
22,7,1,0,1
252,6,2,1,1
399,9,2,0,1
265,1,3,0,0
466,8,3,1,1
157,4,1,1,1
16,1,2,1,0
386,7,1,1,1
34,2,2,1,1
382,2,3,1,1
366,9,4,1,1
422,2,1,0,1
239,5,3,1,1
447,2,2,1,1
84,2,2,0,1
217,1,3,0,0
60,1,1,1,0
383,5,4,1,1
357,4,2,1,1
403,1,1,0,0
382,4,4,1,1
154,3,4,1,1
34,6,3,1,1
464,9,3,0,1
246,7,1,1,1
47,9,2,0,1
463,2,2,0,1
497,2,4,1,1
222,7,2,0,1
385,3,3,0,1
18,8,2,0,1
46,5,3,0,1
138,2,1,0,1
328,8,3,1,1
66,5,1,1,1
17,8,3,1,1
334,5,1,0,1
385,2,4,0,1
369,7,4,1,1
399,2,3,1,1
401,6,4,0,1
301,4,4,1,1
259,8,1,0,1
428,8,3,1,1
174,4,2,0,1
48,8,4,0,1
375,1,4,0,0
137,1,4,0,0
489,9,2,1,1
207,6,1,1,1
425,5,1,1,1
21,2,1,0,1
329,3,4,1,1
224,7,3,0,1
231,8,2,0,1
132,9,2,1,1
485,4,1,1,1
196,5,3,0,1
425,2,2,0,1
212,1,4,1,0
24,4,1,1,1
439,6,4,0,1
92,1,1,1,0
135,4,2,1,1
430,6,2,0,1
446,8,3,1,1
458,9,3,1,1
212,4,1,1,1
378,4,2,0,1
163,8,3,1,1
370,7,2,1,1
251,3,1,1,1
25,7,1,1,1
208,2,3,0,1
233,5,2,0,1
128,3,3,1,1
187,9,1,1,1
251,1,3,1,0
24,8,1,1,0
75,3,3,1,1
383,1,4,0,0
175,6,2,0,1
304,7,1,1,0
282,2,1,0,1
275,1,2,0,0
206,2,1,1,1
241,4,4,0,1
411,2,4,1,1
482,7,4,0,1
128,1,4,0,0
334,8,3,0,1
484,8,2,0,1
3,7,2,1,0
392,9,2,1,1
248,9,4,0,1
483,1,2,0,0
289,4,2,1,1
419,7,3,1,1
83,4,2,1,1
71,7,2,0,1
463,7,1,1,1
263,9,1,0,1
279,3,1,1,1
84,4,2,0,1
113,1,4,0,0
409,3,2,1,1
151,3,3,1,1
292,5,2,1,1
158,4,2,0,1
131,8,1,0,1
83,7,3,0,1
464,7,3,0,1
470,1,2,0,0
57,5,3,0,1
176,7,2,0,1
281,3,2,0,1
191,4,3,0,1
360,7,3,1,1
130,8,1,1,1
29,8,2,0,1
168,4,2,1,1
298,4,4,1,1
90,4,2,0,1
407,7,4,0,1
6,4,3,1,1
33,4,1,0,1
254,2,2,0,1
256,5,4,0,1
147,3,2,0,1
129,5,3,0,1
34,8,4,0,1
331,7,3,0,1
189,5,1,0,1
59,9,2,0,1
199,9,2,1,1
468,4,2,0,1
130,7,4,0,1
447,4,1,1,1
129,8,3,0,1
92,4,4,0,1
130,3,4,1,1
161,2,3,0,1
60,8,4,0,1
293,3,2,0,0
166,8,3,0,1
359,1,3,1,0
245,5,1,1,1
221,4,1,1,1
235,4,4,1,1
78,2,1,1,1
356,1,2,0,0
52,4,3,1,1
360,5,3,1,1
499,8,3,1,1
381,5,4,1,1
227,3,4,0,1
157,3,4,0,1
436,6,3,1,1
128,4,4,0,1
241,9,3,1,1
385,4,3,1,1
461,6,4,0,1
460,1,4,1,0
43,2,1,0,1
449,8,4,0,1
57,4,3,0,1
292,4,4,1,1
464,6,3,0,1
327,1,4,1,0
473,5,2,1,1
172,4,1,0,1
157,2,1,0,1
163,4,2,0,1
177,5,1,1,1
341,2,2,1,1
226,5,1,1,1
368,7,1,0,1
208,3,3,0,1
153,9,4,0,1
95,6,1,0,1
275,7,3,0,1
449,1,3,1,0
429,7,3,1,1
126,4,1,1,1
238,7,3,0,1
352,8,1,0,1
306,3,1,0,1
33,3,2,0,1
295,1,4,0,0
19,6,1,1,1
58,7,4,1,1
326,4,4,1,1
51,2,4,1,1
169,3,2,0,1
294,4,1,0,1
327,9,1,0,1
222,2,4,1,1
47,4,1,1,1
399,6,3,0,1
474,3,2,0,1
444,8,4,0,1
374,9,3,0,1
201,4,3,1,1
438,7,4,1,0
244,7,4,1,1
68,7,2,0,1
425,2,3,0,1
160,1,3,0,0
469,4,4,0,1
184,2,2,1,1
434,3,2,0,1
268,6,4,1,1
233,6,4,0,1
148,2,3,1,1
417,1,1,0,0
30,3,2,0,1
234,5,2,0,1
184,8,3,1,1
271,4,3,1,1
127,3,4,1,1
332,5,1,1,1
192,1,2,1,0
94,3,3,0,1
98,1,4,1,0
348,5,1,0,1
130,4,4,1,1
153,6,1,1,1
313,6,1,1,1
164,4,4,0,1
194,8,4,1,1
122,9,4,1,1
172,1,3,0,0
346,9,3,0,1
266,2,3,1,1
498,3,3,1,1
385,5,3,1,1
8,1,2,0,0
189,4,4,0,1
144,2,2,1,1
293,5,3,0,1
132,8,3,1,1
483,9,3,1,1
149,2,3,1,1
260,5,1,0,1
61,5,2,1,1
454,4,2,1,1
455,6,2,0,1
396,9,4,1,1
175,4,4,1,1
29,1,3,0,0
355,9,2,1,1
214,9,1,0,1
495,3,4,1,1
349,5,4,1,1
269,8,2,0,1
493,5,4,0,1
400,5,4,0,1
229,9,3,1,1
9,8,1,1,1
46,5,1,0,1
221,2,4,1,1
281,4,3,0,1
15,7,1,0,1
63,3,1,1,1
352,5,4,1,1
375,6,2,0,1
14,1,2,1,0
253,6,3,1,1
40,7,2,0,1
361,2,4,1,1
417,5,3,0,1
434,7,2,0,1
299,1,2,1,0
314,6,4,0,1
463,3,3,1,1
306,4,4,1,1
223,6,2,0,1
377,1,1,1,0
295,1,4,0,0
421,5,1,1,1
262,9,4,0,1
434,1,3,1,1
22,8,1,0,1
18,1,4,0,0
49,5,1,0,1
278,4,2,0,1
354,5,2,0,1
108,1,3,1,0
77,7,3,1,1
430,3,3,1,1
375,7,2,0,1
324,6,3,1,1
244,5,1,0,1
210,3,3,0,1
10,6,1,1,1
94,9,1,1,1
448,9,3,0,1
169,9,1,1,1
352,2,4,1,1
351,6,1,0,1
154,4,1,0,1
102,9,4,1,1
345,9,1,0,1
46,8,4,1,1
247,2,2,0,1
444,3,4,0,1
355,7,4,1,1
382,7,1,0,1
41,4,2,0,1
99,2,3,0,1
137,2,4,1,1
146,7,1,1,1
97,5,1,1,1
486,5,2,0,1
82,8,1,1,1
354,1,2,0,0
293,7,1,0,1
305,3,4,0,1
107,9,4,1,1
153,9,1,0,1
303,5,3,1,1
149,3,3,0,1
347,3,3,0,1
19,2,4,1,1
36,9,3,1,1
364,2,3,0,1
308,5,1,0,1
21,5,1,0,1
449,7,3,1,1
2,8,4,0,0
477,6,2,0,1
364,7,3,0,1
494,6,1,0,1
474,4,2,0,1
156,2,4,1,1
378,2,3,1,1
105,4,1,0,1
235,1,4,1,0
120,3,4,0,1
243,5,2,1,1
436,5,2,0,1
218,8,3,0,1
46,9,4,0,0
162,7,2,1,1
393,1,1,1,0
260,4,1,1,1
280,7,4,0,1
215,6,4,0,1
146,5,4,0,1
299,4,1,0,1
316,4,1,0,1
449,6,2,1,1
308,2,1,1,1
497,5,2,0,1
413,2,3,0,1
39,7,2,0,1
196,8,1,1,1
192,5,2,1,1
1,4,3,1,0
90,9,3,0,1
381,6,2,0,1
176,4,2,1,1
73,1,3,0,0
143,1,1,0,0
137,2,4,0,1
87,3,4,0,1
50,7,1,1,1
382,5,4,0,1
412,9,1,1,1
248,5,2,0,1
307,9,3,0,1
459,5,2,1,1
421,4,1,1,1
16,7,1,1,1
476,5,3,1,1
33,3,1,1,1
13,5,2,1,1
201,6,2,1,1
372,4,4,1,1
40,7,4,0,1
146,9,4,0,1
131,4,3,0,1
198,3,3,0,1
493,4,2,0,1
165,8,1,1,1
104,2,4,1,1
61,9,2,0,1
99,4,2,0,1
66,8,1,1,1
286,8,2,0,1
210,8,3,1,1
248,9,2,1,1
416,2,3,0,1
290,6,1,1,1
77,1,1,0,0
188,3,4,0,1
156,1,2,1,1
413,7,2,1,1
153,6,2,1,1
69,7,3,1,1
368,2,3,0,1
214,3,2,1,1
47,7,4,0,1
344,8,4,0,1
105,8,1,1,1
434,1,3,0,0
416,4,4,0,1
184,1,2,0,0
277,8,1,0,1
283,2,1,1,1
326,8,3,1,1
34,2,4,1,1
162,1,1,0,0
85,8,3,1,1
348,4,2,1,1
34,4,2,0,1
258,6,3,1,1
363,3,4,0,1
474,7,1,1,1
144,4,1,1,1
3,3,2,1,0
361,4,2,0,1
0,1,3,1,0
33,3,3,1,1
495,6,1,1,1
431,2,2,1,1
353,2,3,0,1
417,6,2,0,1
37,4,3,0,1
44,2,2,0,1
150,7,2,0,1
11,7,1,0,1
444,1,1,1,0
28,2,1,0,1
272,4,3,0,1
426,7,1,1,0
367,1,3,1,0
117,8,4,0,0
235,3,3,1,1
274,2,3,0,1
383,8,1,0,1
213,1,2,0,0
142,2,4,1,1
397,9,2,0,1
443,5,4,1,1
244,5,3,1,1
14,7,2,0,1
250,6,1,1,1
444,6,1,0,1
494,1,2,1,0
200,5,2,0,1
75,3,3,1,1
286,8,3,0,1
415,5,2,0,1
472,2,3,1,1
25,8,4,1,1
145,3,3,0,1
238,3,4,0,1
49,9,2,0,1
443,7,4,1,1
56,8,2,1,1
332,6,1,0,1
459,9,1,1,1
342,2,1,0,1
381,6,4,1,1
131,3,1,0,1
413,4,4,0,1
209,3,4,1,1
30,2,2,0,1
183,4,4,0,1
174,9,4,0,1
260,6,4,1,1
132,4,2,1,1
231,4,2,0,1
213,5,1,1,1
163,3,4,1,1
348,5,4,0,1
152,7,3,1,1
382,3,1,0,1
125,6,4,0,1
432,7,2,1,1
182,5,3,0,1
20,3,3,0,1
74,5,1,0,1
403,8,1,0,1
436,2,1,1,1
105,6,4,1,1
301,7,4,1,1
287,3,2,1,1
66,4,2,0,1
225,8,2,0,1
346,4,2,0,1
483,6,3,1,1
423,2,2,0,1
48,9,3,1,1
118,6,2,0,1
218,7,3,1,1
75,6,4,1,1
285,4,1,0,1
4,4,1,0,0
56,7,3,0,1
23,8,1,0,1
147,2,1,1,1
381,8,4,1,1
88,8,2,0,1
493,1,3,1,0
134,1,4,1,0
22,7,1,1,1
167,8,2,1,1
374,4,1,0,1
53,6,2,0,1
35,9,1,1,0
424,3,4,0,1
296,3,2,1,1
171,9,1,1,1
378,3,1,1,1
422,5,1,0,1
179,4,1,0,1
280,5,1,1,1
5,3,3,1,1
153,7,4,0,1
297,7,4,1,1
98,2,4,1,1
495,5,4,1,1
485,1,2,1,0
128,2,2,1,1
198,9,3,1,1
94,5,2,1,1
251,6,3,0,1
61,8,4,1,1
195,7,1,0,1
277,8,4,1,1
305,7,4,0,1
298,5,3,0,1
110,6,2,0,1
396,3,2,0,1
345,9,1,1,1
376,2,2,1,1
233,8,3,1,1
446,8,3,1,0
194,2,1,1,1
402,7,3,1,0
101,9,4,0,1
123,6,1,1,1
263,4,1,0,1
277,8,4,1,0
373,5,3,1,1
148,2,3,1,1
436,3,4,1,1
164,7,3,0,1
267,5,3,1,1
465,2,1,1,1
269,8,4,0,1
340,2,4,0,1
454,2,2,1,1
487,5,3,1,1
249,1,3,1,0
208,4,1,1,1
98,9,1,0,1
268,9,3,0,1
459,8,3,1,1
243,3,3,0,1
174,1,2,0,0
53,8,4,0,1
194,4,2,0,1
118,7,1,1,1
488,2,1,0,1
263,7,4,0,1
68,6,3,0,1
33,9,2,0,1
425,1,1,1,0
465,4,1,1,1
381,9,1,0,1
61,4,1,0,1
49,6,3,1,1
98,2,1,1,1
375,7,1,1,1
382,3,2,1,1
418,6,3,1,1
48,8,2,0,1
76,6,1,0,1
450,5,3,0,1
464,2,2,0,1
362,4,1,1,1
53,8,3,1,1
34,2,4,1,1
27,6,3,1,1
345,5,1,0,1
422,3,2,0,1
315,7,3,1,1
131,4,4,0,1
378,3,4,1,1
29,5,4,1,1
414,7,4,0,1
445,8,3,1,1
359,6,3,1,1
439,6,3,0,1
293,8,3,0,1
234,3,3,0,1
161,3,1,0,0
460,5,4,0,1
348,6,1,1,1
95,6,2,0,1
478,2,2,0,1
29,8,4,0,1
293,4,1,0,1
95,8,2,0,1
332,7,2,0,1
206,9,1,1,1
218,6,1,1,1
335,5,2,0,1
378,2,4,1,1
190,4,2,1,0
498,8,4,1,1
249,4,3,1,1
80,1,4,0,0
3,3,4,1,0
101,6,3,1,1
345,6,3,0,1
269,9,1,1,1
168,9,3,0,1
240,5,1,0,1
419,5,3,0,1
285,8,3,0,1
29,1,4,1,0
24,6,3,1,1
241,5,2,1,1
202,8,2,0,1
425,8,3,0,1
291,6,2,1,1
378,6,2,0,1
292,7,2,1,1
172,6,3,1,1
328,3,1,0,1
310,3,3,1,1
360,7,2,1,1
94,6,2,0,1
320,3,2,1,1
142,8,1,1,1
395,9,3,0,1
399,6,3,0,1
312,3,4,1,1
473,9,2,1,1
268,3,3,0,1
12,4,3,0,1
303,8,3,1,1
388,5,3,0,1
50,3,4,0,1
52,1,4,0,0
136,4,1,0,1
422,7,2,0,1
263,7,3,0,1
488,3,3,0,1
436,2,2,0,1
277,7,1,1,1
339,2,3,0,1
165,1,3,1,0
45,5,1,0,1
199,6,3,0,1
296,3,4,1,1
91,2,3,1,1
110,3,4,0,1
7,4,2,1,1
367,1,1,0,0
449,1,3,0,0
413,4,1,0,1
189,1,1,1,0
296,3,1,1,0
480,6,4,1,1
295,1,4,0,0
147,6,2,0,1
169,6,3,1,1
363,6,2,1,1
223,6,1,1,1
418,8,4,1,1
432,1,4,0,0
17,2,2,1,1
361,3,2,1,1
184,7,4,1,0
259,8,2,0,1
132,9,2,1,1
184,6,2,1,1
165,4,2,1,1
25,4,3,0,1
391,1,1,1,0
71,5,2,1,1
187,5,2,0,1
96,2,2,1,1
80,7,2,0,1
186,8,2,0,1
459,3,2,1,1
472,9,4,0,1
190,1,3,0,0
252,9,3,0,1
492,7,2,1,1
117,3,4,0,1
472,6,1,0,1
52,3,3,1,1
112,8,1,0,1
169,2,4,1,1
18,3,2,1,1
407,3,2,1,1
427,2,1,1,1
191,3,4,1,1
418,6,2,1,1
386,6,2,1,1
400,5,4,1,1
401,2,1,1,1
286,2,2,1,1
55,9,1,0,1
461,3,1,1,1
304,1,1,0,0
450,5,1,0,0
479,1,4,0,0
93,4,2,0,1
201,8,4,0,1
96,3,2,1,1
25,7,4,0,1
483,5,1,0,1
461,4,1,0,1
465,6,1,0,1
441,6,4,0,1
324,3,3,1,1
261,3,3,0,1
495,9,4,0,1
276,2,2,0,1
321,9,3,1,1
105,5,3,0,1
373,9,3,0,1
409,4,3,0,1
339,6,2,0,1
249,6,1,0,1
